-- phpMyAdmin SQL Dump
-- version 5.2.0
-- https://www.phpmyadmin.net/
--
-- Host: localhost
-- Waktu pembuatan: 24 Des 2022 pada 19.41
-- Versi server: 10.4.27-MariaDB
-- Versi PHP: 8.1.12

SET SQL_MODE = "NO_AUTO_VALUE_ON_ZERO";
START TRANSACTION;
SET time_zone = "+00:00";


/*!40101 SET @OLD_CHARACTER_SET_CLIENT=@@CHARACTER_SET_CLIENT */;
/*!40101 SET @OLD_CHARACTER_SET_RESULTS=@@CHARACTER_SET_RESULTS */;
/*!40101 SET @OLD_COLLATION_CONNECTION=@@COLLATION_CONNECTION */;
/*!40101 SET NAMES utf8mb4 */;

--
-- Database: `expert_system`
--

-- --------------------------------------------------------

--
-- Struktur dari tabel `tbl_dimensi`
--

CREATE TABLE `tbl_dimensi` (
  `id_dimensi` varchar(5) NOT NULL,
  `nama_dimensi` varchar(200) NOT NULL
) ENGINE=InnoDB DEFAULT CHARSET=utf8mb4 COLLATE=utf8mb4_general_ci;

--
-- Dumping data untuk tabel `tbl_dimensi`
--

INSERT INTO `tbl_dimensi` (`id_dimensi`, `nama_dimensi`) VALUES
('D01', 'Perasaan berubah-ubah'),
('D02', 'Perasaan tidak terkendali'),
('D03', 'Perasaan terbebani lebih'),
('D04', 'Tingkat Stres');

-- --------------------------------------------------------

--
-- Struktur dari tabel `tbl_hasil`
--

CREATE TABLE `tbl_hasil` (
  `id_hasil` varchar(5) NOT NULL,
  `id_user` int(11) NOT NULL,
  `a` varchar(200) NOT NULL,
  `a_predikat` float NOT NULL,
  `z` float NOT NULL,
  `sesi` int(10) NOT NULL,
  `createdAt` timestamp NOT NULL DEFAULT current_timestamp() ON UPDATE current_timestamp()
) ENGINE=InnoDB DEFAULT CHARSET=utf8mb4 COLLATE=utf8mb4_general_ci;

--
-- Dumping data untuk tabel `tbl_hasil`
--

INSERT INTO `tbl_hasil` (`id_hasil`, `id_user`, `a`, `a_predikat`, `z`, `sesi`, `createdAt`) VALUES
('H0000', 201110008, '[1,1,1]', 1, 12, 1, '2022-12-24 04:50:24'),
('H0001', 201110008, '[1,1,0]', 0, 24, 1, '2022-12-24 04:50:24'),
('H0002', 201110008, '[1,1,0]', 0, 36, 1, '2022-12-24 04:50:24'),
('H0003', 201110008, '[1,0,1]', 0, 24, 1, '2022-12-24 04:50:24'),
('H0004', 201110008, '[1,0,0]', 0, 36, 1, '2022-12-24 04:50:24'),
('H0005', 201110008, '[1,0,0]', 0, 36, 1, '2022-12-24 04:50:24'),
('H0006', 201110008, '[1,0,1]', 0, 36, 1, '2022-12-24 04:50:24'),
('H0007', 201110008, '[1,0,0]', 0, 36, 1, '2022-12-24 04:50:24'),
('H0008', 201110008, '[1,0,0]', 0, 24, 1, '2022-12-24 04:50:24'),
('H0009', 201110008, '[0,1,1]', 0, 36, 1, '2022-12-24 04:50:24'),
('H0010', 201110008, '[0,1,0]', 0, 36, 1, '2022-12-24 04:50:24'),
('H0011', 201110008, '[0,1,0]', 0, 36, 1, '2022-12-24 04:50:24'),
('H0012', 201110008, '[0,0,1]', 0, 36, 1, '2022-12-24 04:50:24'),
('H0013', 201110008, '[0,0,0]', 0, 24, 1, '2022-12-24 04:50:24'),
('H0014', 201110008, '[0,0,0]', 0, 24, 1, '2022-12-24 04:50:24'),
('H0015', 201110008, '[0,0,1]', 0, 24, 1, '2022-12-24 04:50:24'),
('H0016', 201110008, '[0,0,0]', 0, 24, 1, '2022-12-24 04:50:24'),
('H0017', 201110008, '[0,0,0]', 0, 24, 1, '2022-12-24 04:50:24'),
('H0018', 201110008, '[0,1,1]', 0, 36, 1, '2022-12-24 04:50:24'),
('H0019', 201110008, '[0,1,0]', 0, 24, 1, '2022-12-24 04:50:24'),
('H0020', 201110008, '[0,1,0]', 0, 24, 1, '2022-12-24 04:50:24'),
('H0021', 201110008, '[0,0,1]', 0, 24, 1, '2022-12-24 04:50:24'),
('H0022', 201110008, '[0,0,0]', 0, 24, 1, '2022-12-24 04:50:24'),
('H0023', 201110008, '[0,0,0]', 0, 24, 1, '2022-12-24 04:50:24'),
('H0024', 201110008, '[0,0,1]', 0, 24, 1, '2022-12-24 04:50:24'),
('H0025', 201110008, '[0,0,0]', 0, 24, 1, '2022-12-24 04:50:24'),
('H0026', 201110008, '[0,0,0]', 0, 24, 1, '2022-12-24 04:50:24'),
('H0027', 201110009, '[0.71,1,0]', 0, 24, 1, '2022-12-24 07:39:46'),
('H0028', 201110009, '[0.71,1,1]', 0.71, 15.48, 1, '2022-12-24 07:39:46'),
('H0029', 201110009, '[0.71,1,1]', 0.71, 27.48, 1, '2022-12-24 07:39:46'),
('H0030', 201110009, '[0.71,0,0]', 0, 24, 1, '2022-12-24 07:39:46'),
('H0031', 201110009, '[0.71,0,1]', 0, 36, 1, '2022-12-24 07:39:46'),
('H0032', 201110009, '[0.71,0,1]', 0, 36, 1, '2022-12-24 07:39:46'),
('H0033', 201110009, '[0.71,0,0]', 0, 36, 1, '2022-12-24 07:39:46'),
('H0034', 201110009, '[0.71,0,1]', 0, 36, 1, '2022-12-24 07:39:46'),
('H0035', 201110009, '[0.71,0,1]', 0, 24, 1, '2022-12-24 07:39:46'),
('H0036', 201110009, '[0.29,1,0]', 0, 36, 1, '2022-12-24 07:39:46'),
('H0037', 201110009, '[0.29,1,1]', 0.29, 32.52, 1, '2022-12-24 07:39:46'),
('H0038', 201110009, '[0.29,1,1]', 0.29, 32.52, 1, '2022-12-24 07:39:46'),
('H0039', 201110009, '[0.29,0,0]', 0, 36, 1, '2022-12-24 07:39:46'),
('H0040', 201110009, '[0.29,0,1]', 0, 24, 1, '2022-12-24 07:39:46'),
('H0041', 201110009, '[0.29,0,1]', 0, 24, 1, '2022-12-24 07:39:46'),
('H0042', 201110009, '[0.29,0,0]', 0, 24, 1, '2022-12-24 07:39:46'),
('H0043', 201110009, '[0.29,0,1]', 0, 24, 1, '2022-12-24 07:39:46'),
('H0044', 201110009, '[0.29,0,1]', 0, 24, 1, '2022-12-24 07:39:46'),
('H0045', 201110009, '[0,1,0]', 0, 36, 1, '2022-12-24 07:39:46'),
('H0046', 201110009, '[0,1,1]', 0, 24, 1, '2022-12-24 07:39:46'),
('H0047', 201110009, '[0,1,1]', 0, 24, 1, '2022-12-24 07:39:46'),
('H0048', 201110009, '[0,0,0]', 0, 24, 1, '2022-12-24 07:39:46'),
('H0049', 201110009, '[0,0,1]', 0, 24, 1, '2022-12-24 07:39:46'),
('H0050', 201110009, '[0,0,1]', 0, 24, 1, '2022-12-24 07:39:46'),
('H0051', 201110009, '[0,0,0]', 0, 24, 1, '2022-12-24 07:39:46'),
('H0052', 201110009, '[0,0,1]', 0, 24, 1, '2022-12-24 07:39:46'),
('H0053', 201110009, '[0,0,1]', 0, 24, 1, '2022-12-24 07:39:46'),
('H0054', 201110009, '[0,1,0]', 0, 24, 2, '2022-12-24 07:40:19'),
('H0055', 201110009, '[0,1,1]', 0, 24, 2, '2022-12-24 07:40:19'),
('H0056', 201110009, '[0,1,1]', 0, 36, 2, '2022-12-24 07:40:19'),
('H0057', 201110009, '[0,0,0]', 0, 24, 2, '2022-12-24 07:40:19'),
('H0058', 201110009, '[0,0,1]', 0, 36, 2, '2022-12-24 07:40:19'),
('H0059', 201110009, '[0,0,1]', 0, 36, 2, '2022-12-24 07:40:19'),
('H0060', 201110009, '[0,0,0]', 0, 36, 2, '2022-12-24 07:40:19'),
('H0061', 201110009, '[0,0,1]', 0, 36, 2, '2022-12-24 07:40:19'),
('H0062', 201110009, '[0,0,1]', 0, 24, 2, '2022-12-24 07:40:19'),
('H0063', 201110009, '[0.86,1,0]', 0, 36, 2, '2022-12-24 07:40:19'),
('H0064', 201110009, '[0.86,1,1]', 0.86, 25.68, 2, '2022-12-24 07:40:19'),
('H0065', 201110009, '[0.86,1,1]', 0.86, 25.68, 2, '2022-12-24 07:40:19'),
('H0066', 201110009, '[0.86,0,0]', 0, 36, 2, '2022-12-24 07:40:19'),
('H0067', 201110009, '[0.86,0,1]', 0, 24, 2, '2022-12-24 07:40:19'),
('H0068', 201110009, '[0.86,0,1]', 0, 24, 2, '2022-12-24 07:40:19'),
('H0069', 201110009, '[0.86,0,0]', 0, 24, 2, '2022-12-24 07:40:19'),
('H0070', 201110009, '[0.86,0,1]', 0, 24, 2, '2022-12-24 07:40:19'),
('H0071', 201110009, '[0.86,0,1]', 0, 24, 2, '2022-12-24 07:40:19'),
('H0072', 201110009, '[0.14,1,0]', 0, 36, 2, '2022-12-24 07:40:19'),
('H0073', 201110009, '[0.14,1,1]', 0.14, 25.68, 2, '2022-12-24 07:40:19'),
('H0074', 201110009, '[0.14,1,1]', 0.14, 25.68, 2, '2022-12-24 07:40:19'),
('H0075', 201110009, '[0.14,0,0]', 0, 24, 2, '2022-12-24 07:40:19'),
('H0076', 201110009, '[0.14,0,1]', 0, 24, 2, '2022-12-24 07:40:19'),
('H0077', 201110009, '[0.14,0,1]', 0, 24, 2, '2022-12-24 07:40:19'),
('H0078', 201110009, '[0.14,0,0]', 0, 24, 2, '2022-12-24 07:40:19'),
('H0079', 201110009, '[0.14,0,1]', 0, 24, 2, '2022-12-24 07:40:19'),
('H0080', 201110009, '[0.14,0,1]', 0, 24, 2, '2022-12-24 07:40:19'),
('H0081', 201110009, '[0,1,0]', 0, 24, 3, '2022-12-24 07:40:50'),
('H0082', 201110009, '[0,1,1]', 0, 24, 3, '2022-12-24 07:40:50'),
('H0083', 201110009, '[0,1,1]', 0, 36, 3, '2022-12-24 07:40:50'),
('H0084', 201110009, '[0,0,0]', 0, 24, 3, '2022-12-24 07:40:50'),
('H0085', 201110009, '[0,0,1]', 0, 36, 3, '2022-12-24 07:40:50'),
('H0086', 201110009, '[0,0,1]', 0, 36, 3, '2022-12-24 07:40:50'),
('H0087', 201110009, '[0,0,0]', 0, 36, 3, '2022-12-24 07:40:50'),
('H0088', 201110009, '[0,0,1]', 0, 36, 3, '2022-12-24 07:40:50'),
('H0089', 201110009, '[0,0,1]', 0, 24, 3, '2022-12-24 07:40:50'),
('H0090', 201110009, '[0.71,1,0]', 0, 36, 3, '2022-12-24 07:40:50'),
('H0091', 201110009, '[0.71,1,1]', 0.71, 27.48, 3, '2022-12-24 07:40:50'),
('H0092', 201110009, '[0.71,1,1]', 0.71, 27.48, 3, '2022-12-24 07:40:50'),
('H0093', 201110009, '[0.71,0,0]', 0, 36, 3, '2022-12-24 07:40:50'),
('H0094', 201110009, '[0.71,0,1]', 0, 24, 3, '2022-12-24 07:40:50'),
('H0095', 201110009, '[0.71,0,1]', 0, 24, 3, '2022-12-24 07:40:50'),
('H0096', 201110009, '[0.71,0,0]', 0, 24, 3, '2022-12-24 07:40:50'),
('H0097', 201110009, '[0.71,0,1]', 0, 24, 3, '2022-12-24 07:40:50'),
('H0098', 201110009, '[0.71,0,1]', 0, 24, 3, '2022-12-24 07:40:50'),
('H0099', 201110009, '[0.29,1,0]', 0, 36, 3, '2022-12-24 07:40:50'),
('H0100', 201110009, '[0.29,1,1]', 0.29, 27.48, 3, '2022-12-24 07:40:50'),
('H0101', 201110009, '[0.29,1,1]', 0.29, 27.48, 3, '2022-12-24 07:40:50'),
('H0102', 201110009, '[0.29,0,0]', 0, 24, 3, '2022-12-24 07:40:50'),
('H0103', 201110009, '[0.29,0,1]', 0, 24, 3, '2022-12-24 07:40:50'),
('H0104', 201110009, '[0.29,0,1]', 0, 24, 3, '2022-12-24 07:40:50'),
('H0105', 201110009, '[0.29,0,0]', 0, 24, 3, '2022-12-24 07:40:50'),
('H0106', 201110009, '[0.29,0,1]', 0, 24, 3, '2022-12-24 07:40:50'),
('H0107', 201110009, '[0.29,0,1]', 0, 24, 3, '2022-12-24 07:40:50'),
('H0108', 201110009, '[0.29,1,0]', 0, 24, 4, '2022-12-24 07:42:02'),
('H0109', 201110009, '[0.29,1,1]', 0.29, 20.52, 4, '2022-12-24 07:42:02'),
('H0110', 201110009, '[0.29,1,1]', 0.29, 32.52, 4, '2022-12-24 07:42:02'),
('H0111', 201110009, '[0.29,0,0]', 0, 24, 4, '2022-12-24 07:42:02'),
('H0112', 201110009, '[0.29,0,1]', 0, 36, 4, '2022-12-24 07:42:02'),
('H0113', 201110009, '[0.29,0,1]', 0, 36, 4, '2022-12-24 07:42:02'),
('H0114', 201110009, '[0.29,0,0]', 0, 36, 4, '2022-12-24 07:42:02'),
('H0115', 201110009, '[0.29,0,1]', 0, 36, 4, '2022-12-24 07:42:02'),
('H0116', 201110009, '[0.29,0,1]', 0, 24, 4, '2022-12-24 07:42:02'),
('H0117', 201110009, '[0.71,1,0]', 0, 36, 4, '2022-12-24 07:42:02'),
('H0118', 201110009, '[0.71,1,1]', 0.71, 27.48, 4, '2022-12-24 07:42:02'),
('H0119', 201110009, '[0.71,1,1]', 0.71, 27.48, 4, '2022-12-24 07:42:02'),
('H0120', 201110009, '[0.71,0,0]', 0, 36, 4, '2022-12-24 07:42:02'),
('H0121', 201110009, '[0.71,0,1]', 0, 24, 4, '2022-12-24 07:42:02'),
('H0122', 201110009, '[0.71,0,1]', 0, 24, 4, '2022-12-24 07:42:02'),
('H0123', 201110009, '[0.71,0,0]', 0, 24, 4, '2022-12-24 07:42:02'),
('H0124', 201110009, '[0.71,0,1]', 0, 24, 4, '2022-12-24 07:42:02'),
('H0125', 201110009, '[0.71,0,1]', 0, 24, 4, '2022-12-24 07:42:02'),
('H0126', 201110009, '[0,1,0]', 0, 36, 4, '2022-12-24 07:42:02'),
('H0127', 201110009, '[0,1,1]', 0, 24, 4, '2022-12-24 07:42:02'),
('H0128', 201110009, '[0,1,1]', 0, 24, 4, '2022-12-24 07:42:02'),
('H0129', 201110009, '[0,0,0]', 0, 24, 4, '2022-12-24 07:42:02'),
('H0130', 201110009, '[0,0,1]', 0, 24, 4, '2022-12-24 07:42:02'),
('H0131', 201110009, '[0,0,1]', 0, 24, 4, '2022-12-24 07:42:02'),
('H0132', 201110009, '[0,0,0]', 0, 24, 4, '2022-12-24 07:42:02'),
('H0133', 201110009, '[0,0,1]', 0, 24, 4, '2022-12-24 07:42:02'),
('H0134', 201110009, '[0,0,1]', 0, 24, 4, '2022-12-24 07:42:02'),
('H0135', 201110003, '[0.57,1,0]', 0, 24, 1, '2022-12-24 07:42:45'),
('H0136', 201110003, '[0.57,1,0]', 0, 24, 1, '2022-12-24 07:42:45'),
('H0137', 201110003, '[0.57,1,1]', 0.57, 29.16, 1, '2022-12-24 07:42:45'),
('H0138', 201110003, '[0.57,0,0]', 0, 24, 1, '2022-12-24 07:42:45'),
('H0139', 201110003, '[0.57,0,0]', 0, 36, 1, '2022-12-24 07:42:45'),
('H0140', 201110003, '[0.57,0,1]', 0, 36, 1, '2022-12-24 07:42:45'),
('H0141', 201110003, '[0.57,0,0]', 0, 36, 1, '2022-12-24 07:42:45'),
('H0142', 201110003, '[0.57,0,0]', 0, 36, 1, '2022-12-24 07:42:45'),
('H0143', 201110003, '[0.57,0,1]', 0, 24, 1, '2022-12-24 07:42:45'),
('H0144', 201110003, '[0.43,1,0]', 0, 36, 1, '2022-12-24 07:42:45'),
('H0145', 201110003, '[0.43,1,0]', 0, 36, 1, '2022-12-24 07:42:45'),
('H0146', 201110003, '[0.43,1,1]', 0.43, 30.84, 1, '2022-12-24 07:42:45'),
('H0147', 201110003, '[0.43,0,0]', 0, 36, 1, '2022-12-24 07:42:45'),
('H0148', 201110003, '[0.43,0,0]', 0, 24, 1, '2022-12-24 07:42:45'),
('H0149', 201110003, '[0.43,0,1]', 0, 24, 1, '2022-12-24 07:42:45'),
('H0150', 201110003, '[0.43,0,0]', 0, 24, 1, '2022-12-24 07:42:45'),
('H0151', 201110003, '[0.43,0,0]', 0, 24, 1, '2022-12-24 07:42:45'),
('H0152', 201110003, '[0.43,0,1]', 0, 24, 1, '2022-12-24 07:42:45'),
('H0153', 201110003, '[0,1,0]', 0, 36, 1, '2022-12-24 07:42:45'),
('H0154', 201110003, '[0,1,0]', 0, 24, 1, '2022-12-24 07:42:45'),
('H0155', 201110003, '[0,1,1]', 0, 24, 1, '2022-12-24 07:42:45'),
('H0156', 201110003, '[0,0,0]', 0, 24, 1, '2022-12-24 07:42:45'),
('H0157', 201110003, '[0,0,0]', 0, 24, 1, '2022-12-24 07:42:45'),
('H0158', 201110003, '[0,0,1]', 0, 24, 1, '2022-12-24 07:42:45'),
('H0159', 201110003, '[0,0,0]', 0, 24, 1, '2022-12-24 07:42:45'),
('H0160', 201110003, '[0,0,0]', 0, 24, 1, '2022-12-24 07:42:45'),
('H0161', 201110003, '[0,0,1]', 0, 24, 1, '2022-12-24 07:42:45'),
('H0162', 201110003, '[0,1,0]', 0, 24, 2, '2022-12-24 07:43:45'),
('H0163', 201110003, '[0,1,1]', 0, 24, 2, '2022-12-24 07:43:45'),
('H0164', 201110003, '[0,1,1]', 0, 36, 2, '2022-12-24 07:43:45'),
('H0165', 201110003, '[0,0,0]', 0, 24, 2, '2022-12-24 07:43:45'),
('H0166', 201110003, '[0,0,1]', 0, 36, 2, '2022-12-24 07:43:45'),
('H0167', 201110003, '[0,0,1]', 0, 36, 2, '2022-12-24 07:43:45'),
('H0168', 201110003, '[0,0,0]', 0, 36, 2, '2022-12-24 07:43:45'),
('H0169', 201110003, '[0,0,1]', 0, 36, 2, '2022-12-24 07:43:45'),
('H0170', 201110003, '[0,0,1]', 0, 24, 2, '2022-12-24 07:43:45'),
('H0171', 201110003, '[0.71,1,0]', 0, 36, 2, '2022-12-24 07:43:45'),
('H0172', 201110003, '[0.71,1,1]', 0.71, 27.48, 2, '2022-12-24 07:43:45'),
('H0173', 201110003, '[0.71,1,1]', 0.71, 27.48, 2, '2022-12-24 07:43:45'),
('H0174', 201110003, '[0.71,0,0]', 0, 36, 2, '2022-12-24 07:43:45'),
('H0175', 201110003, '[0.71,0,1]', 0, 24, 2, '2022-12-24 07:43:45'),
('H0176', 201110003, '[0.71,0,1]', 0, 24, 2, '2022-12-24 07:43:45'),
('H0177', 201110003, '[0.71,0,0]', 0, 24, 2, '2022-12-24 07:43:45'),
('H0178', 201110003, '[0.71,0,1]', 0, 24, 2, '2022-12-24 07:43:45'),
('H0179', 201110003, '[0.71,0,1]', 0, 24, 2, '2022-12-24 07:43:45'),
('H0180', 201110003, '[0.29,1,0]', 0, 36, 2, '2022-12-24 07:43:45'),
('H0181', 201110003, '[0.29,1,1]', 0.29, 27.48, 2, '2022-12-24 07:43:45'),
('H0182', 201110003, '[0.29,1,1]', 0.29, 27.48, 2, '2022-12-24 07:43:45'),
('H0183', 201110003, '[0.29,0,0]', 0, 24, 2, '2022-12-24 07:43:45'),
('H0184', 201110003, '[0.29,0,1]', 0, 24, 2, '2022-12-24 07:43:45'),
('H0185', 201110003, '[0.29,0,1]', 0, 24, 2, '2022-12-24 07:43:45'),
('H0186', 201110003, '[0.29,0,0]', 0, 24, 2, '2022-12-24 07:43:45'),
('H0187', 201110003, '[0.29,0,1]', 0, 24, 2, '2022-12-24 07:43:45'),
('H0188', 201110003, '[0.29,0,1]', 0, 24, 2, '2022-12-24 07:43:45'),
('H0189', 201110009, '[1,1,0]', 0, 24, 5, '2022-12-24 17:41:13'),
('H0190', 201110009, '[1,1,0.67]', 0.67, 15.96, 5, '2022-12-24 17:41:13'),
('H0191', 201110009, '[1,1,0.33]', 0.33, 32.04, 5, '2022-12-24 17:41:13'),
('H0192', 201110009, '[1,0,0]', 0, 24, 5, '2022-12-24 17:41:13'),
('H0193', 201110009, '[1,0,0.67]', 0, 36, 5, '2022-12-24 17:41:13'),
('H0194', 201110009, '[1,0,0.33]', 0, 36, 5, '2022-12-24 17:41:13'),
('H0195', 201110009, '[1,0,0]', 0, 36, 5, '2022-12-24 17:41:13'),
('H0196', 201110009, '[1,0,0.67]', 0, 36, 5, '2022-12-24 17:41:13'),
('H0197', 201110009, '[1,0,0.33]', 0, 24, 5, '2022-12-24 17:41:13'),
('H0198', 201110009, '[0,1,0]', 0, 36, 5, '2022-12-24 17:41:13'),
('H0199', 201110009, '[0,1,0.67]', 0, 36, 5, '2022-12-24 17:41:13'),
('H0200', 201110009, '[0,1,0.33]', 0, 36, 5, '2022-12-24 17:41:13'),
('H0201', 201110009, '[0,0,0]', 0, 36, 5, '2022-12-24 17:41:13'),
('H0202', 201110009, '[0,0,0.67]', 0, 24, 5, '2022-12-24 17:41:13'),
('H0203', 201110009, '[0,0,0.33]', 0, 24, 5, '2022-12-24 17:41:13'),
('H0204', 201110009, '[0,0,0]', 0, 24, 5, '2022-12-24 17:41:13'),
('H0205', 201110009, '[0,0,0.67]', 0, 24, 5, '2022-12-24 17:41:13'),
('H0206', 201110009, '[0,0,0.33]', 0, 24, 5, '2022-12-24 17:41:13'),
('H0207', 201110009, '[0,1,0]', 0, 36, 5, '2022-12-24 17:41:13'),
('H0208', 201110009, '[0,1,0.67]', 0, 24, 5, '2022-12-24 17:41:13'),
('H0209', 201110009, '[0,1,0.33]', 0, 24, 5, '2022-12-24 17:41:14'),
('H0210', 201110009, '[0,0,0]', 0, 24, 5, '2022-12-24 17:41:14'),
('H0211', 201110009, '[0,0,0.67]', 0, 24, 5, '2022-12-24 17:41:14'),
('H0212', 201110009, '[0,0,0.33]', 0, 24, 5, '2022-12-24 17:41:14'),
('H0213', 201110009, '[0,0,0]', 0, 24, 5, '2022-12-24 17:41:14'),
('H0214', 201110009, '[0,0,0.67]', 0, 24, 5, '2022-12-24 17:41:14'),
('H0215', 201110009, '[0,0,0.33]', 0, 24, 5, '2022-12-24 17:41:14'),
('H0216', 201110008, '[1,1,0.33]', 0.33, 20.04, 2, '2022-12-24 18:20:59'),
('H0217', 201110008, '[1,1,0.67]', 0.67, 15.96, 2, '2022-12-24 18:20:59'),
('H0218', 201110008, '[1,1,0]', 0, 36, 2, '2022-12-24 18:20:59'),
('H0219', 201110008, '[1,0,0.33]', 0, 24, 2, '2022-12-24 18:20:59'),
('H0220', 201110008, '[1,0,0.67]', 0, 36, 2, '2022-12-24 18:20:59'),
('H0221', 201110008, '[1,0,0]', 0, 36, 2, '2022-12-24 18:20:59'),
('H0222', 201110008, '[1,0,0.33]', 0, 36, 2, '2022-12-24 18:20:59'),
('H0223', 201110008, '[1,0,0.67]', 0, 36, 2, '2022-12-24 18:20:59'),
('H0224', 201110008, '[1,0,0]', 0, 24, 2, '2022-12-24 18:20:59'),
('H0225', 201110008, '[0,1,0.33]', 0, 36, 2, '2022-12-24 18:21:00'),
('H0226', 201110008, '[0,1,0.67]', 0, 36, 2, '2022-12-24 18:21:00'),
('H0227', 201110008, '[0,1,0]', 0, 36, 2, '2022-12-24 18:21:00'),
('H0228', 201110008, '[0,0,0.33]', 0, 36, 2, '2022-12-24 18:21:00'),
('H0229', 201110008, '[0,0,0.67]', 0, 24, 2, '2022-12-24 18:21:00'),
('H0230', 201110008, '[0,0,0]', 0, 24, 2, '2022-12-24 18:21:00'),
('H0231', 201110008, '[0,0,0.33]', 0, 24, 2, '2022-12-24 18:21:00'),
('H0232', 201110008, '[0,0,0.67]', 0, 24, 2, '2022-12-24 18:21:00'),
('H0233', 201110008, '[0,0,0]', 0, 24, 2, '2022-12-24 18:21:00'),
('H0234', 201110008, '[0,1,0.33]', 0, 36, 2, '2022-12-24 18:21:00'),
('H0235', 201110008, '[0,1,0.67]', 0, 24, 2, '2022-12-24 18:21:00'),
('H0236', 201110008, '[0,1,0]', 0, 24, 2, '2022-12-24 18:21:00'),
('H0237', 201110008, '[0,0,0.33]', 0, 24, 2, '2022-12-24 18:21:00'),
('H0238', 201110008, '[0,0,0.67]', 0, 24, 2, '2022-12-24 18:21:00'),
('H0239', 201110008, '[0,0,0]', 0, 24, 2, '2022-12-24 18:21:00'),
('H0240', 201110008, '[0,0,0.33]', 0, 24, 2, '2022-12-24 18:21:00'),
('H0241', 201110008, '[0,0,0.67]', 0, 24, 2, '2022-12-24 18:21:00'),
('H0242', 201110008, '[0,0,0]', 0, 24, 2, '2022-12-24 18:21:00'),
('H0243', 201110011, '[0.29,1,0]', 0, 24, 1, '2022-12-24 18:26:36'),
('H0244', 201110011, '[0.29,1,0.67]', 0.29, 20.52, 1, '2022-12-24 18:26:36'),
('H0245', 201110011, '[0.29,1,0.33]', 0.29, 32.52, 1, '2022-12-24 18:26:36'),
('H0246', 201110011, '[0.29,0,0]', 0, 24, 1, '2022-12-24 18:26:36'),
('H0247', 201110011, '[0.29,0,0.67]', 0, 36, 1, '2022-12-24 18:26:36'),
('H0248', 201110011, '[0.29,0,0.33]', 0, 36, 1, '2022-12-24 18:26:36'),
('H0249', 201110011, '[0.29,0,0]', 0, 36, 1, '2022-12-24 18:26:36'),
('H0250', 201110011, '[0.29,0,0.67]', 0, 36, 1, '2022-12-24 18:26:36'),
('H0251', 201110011, '[0.29,0,0.33]', 0, 24, 1, '2022-12-24 18:26:36'),
('H0252', 201110011, '[0.71,1,0]', 0, 36, 1, '2022-12-24 18:26:36'),
('H0253', 201110011, '[0.71,1,0.67]', 0.67, 27.96, 1, '2022-12-24 18:26:36'),
('H0254', 201110011, '[0.71,1,0.33]', 0.33, 32.04, 1, '2022-12-24 18:26:36'),
('H0255', 201110011, '[0.71,0,0]', 0, 36, 1, '2022-12-24 18:26:36'),
('H0256', 201110011, '[0.71,0,0.67]', 0, 24, 1, '2022-12-24 18:26:36'),
('H0257', 201110011, '[0.71,0,0.33]', 0, 24, 1, '2022-12-24 18:26:36'),
('H0258', 201110011, '[0.71,0,0]', 0, 24, 1, '2022-12-24 18:26:36'),
('H0259', 201110011, '[0.71,0,0.67]', 0, 24, 1, '2022-12-24 18:26:36'),
('H0260', 201110011, '[0.71,0,0.33]', 0, 24, 1, '2022-12-24 18:26:36'),
('H0261', 201110011, '[0,1,0]', 0, 36, 1, '2022-12-24 18:26:36'),
('H0262', 201110011, '[0,1,0.67]', 0, 24, 1, '2022-12-24 18:26:36'),
('H0263', 201110011, '[0,1,0.33]', 0, 24, 1, '2022-12-24 18:26:36'),
('H0264', 201110011, '[0,0,0]', 0, 24, 1, '2022-12-24 18:26:36'),
('H0265', 201110011, '[0,0,0.67]', 0, 24, 1, '2022-12-24 18:26:36'),
('H0266', 201110011, '[0,0,0.33]', 0, 24, 1, '2022-12-24 18:26:36'),
('H0267', 201110011, '[0,0,0]', 0, 24, 1, '2022-12-24 18:26:36'),
('H0268', 201110011, '[0,0,0.67]', 0, 24, 1, '2022-12-24 18:26:36'),
('H0269', 201110011, '[0,0,0.33]', 0, 24, 1, '2022-12-24 18:26:36'),
('H0270', 201110009, '[1,1,0]', 0, 24, 6, '2022-12-24 18:41:16'),
('H0271', 201110009, '[1,1,0]', 0, 24, 6, '2022-12-24 18:41:16'),
('H0272', 201110009, '[1,1,1]', 1, 24, 6, '2022-12-24 18:41:16'),
('H0273', 201110009, '[1,0,0]', 0, 24, 6, '2022-12-24 18:41:16'),
('H0274', 201110009, '[1,0,0]', 0, 36, 6, '2022-12-24 18:41:16'),
('H0275', 201110009, '[1,0,1]', 0, 36, 6, '2022-12-24 18:41:16'),
('H0276', 201110009, '[1,0,0]', 0, 36, 6, '2022-12-24 18:41:16'),
('H0277', 201110009, '[1,0,0]', 0, 36, 6, '2022-12-24 18:41:16'),
('H0278', 201110009, '[1,0,1]', 0, 24, 6, '2022-12-24 18:41:16'),
('H0279', 201110009, '[0,1,0]', 0, 36, 6, '2022-12-24 18:41:16'),
('H0280', 201110009, '[0,1,0]', 0, 36, 6, '2022-12-24 18:41:16'),
('H0281', 201110009, '[0,1,1]', 0, 36, 6, '2022-12-24 18:41:16'),
('H0282', 201110009, '[0,0,0]', 0, 36, 6, '2022-12-24 18:41:16'),
('H0283', 201110009, '[0,0,0]', 0, 24, 6, '2022-12-24 18:41:16'),
('H0284', 201110009, '[0,0,1]', 0, 24, 6, '2022-12-24 18:41:16'),
('H0285', 201110009, '[0,0,0]', 0, 24, 6, '2022-12-24 18:41:16'),
('H0286', 201110009, '[0,0,0]', 0, 24, 6, '2022-12-24 18:41:16'),
('H0287', 201110009, '[0,0,1]', 0, 24, 6, '2022-12-24 18:41:16'),
('H0288', 201110009, '[0,1,0]', 0, 36, 6, '2022-12-24 18:41:16'),
('H0289', 201110009, '[0,1,0]', 0, 24, 6, '2022-12-24 18:41:16'),
('H0290', 201110009, '[0,1,1]', 0, 24, 6, '2022-12-24 18:41:16'),
('H0291', 201110009, '[0,0,0]', 0, 24, 6, '2022-12-24 18:41:16'),
('H0292', 201110009, '[0,0,0]', 0, 24, 6, '2022-12-24 18:41:16'),
('H0293', 201110009, '[0,0,1]', 0, 24, 6, '2022-12-24 18:41:16'),
('H0294', 201110009, '[0,0,0]', 0, 24, 6, '2022-12-24 18:41:16'),
('H0295', 201110009, '[0,0,0]', 0, 24, 6, '2022-12-24 18:41:16'),
('H0296', 201110009, '[0,0,1]', 0, 24, 6, '2022-12-24 18:41:16');

-- --------------------------------------------------------

--
-- Struktur dari tabel `tbl_keanggotaan`
--

CREATE TABLE `tbl_keanggotaan` (
  `id_keanggotaan` varchar(5) NOT NULL,
  `batas_bawah` float NOT NULL,
  `batas_tengah` float NOT NULL,
  `batas_atas` float NOT NULL,
  `id_dimensi` varchar(5) NOT NULL,
  `keterangan` varchar(200) NOT NULL
) ENGINE=InnoDB DEFAULT CHARSET=utf8mb4 COLLATE=utf8mb4_general_ci;

--
-- Dumping data untuk tabel `tbl_keanggotaan`
--

INSERT INTO `tbl_keanggotaan` (`id_keanggotaan`, `batas_bawah`, `batas_tengah`, `batas_atas`, `id_dimensi`, `keterangan`) VALUES
('AN100', 7, 14, 21, 'D01', 'Perasaan berubah ubah'),
('AN101', 16.5, 24.75, 33, 'D02', 'Perasaan tidak terkendali'),
('AN102', 3, 6, 9, 'D03', 'Perasaan terbebani lebih'),
('AN103', 12, 24, 36, 'D04', 'Tingkat stres');

-- --------------------------------------------------------

--
-- Struktur dari tabel `tbl_konsultasi`
--

CREATE TABLE `tbl_konsultasi` (
  `id_konsultasi` varchar(5) NOT NULL,
  `id_user` int(11) NOT NULL,
  `jawaban` longtext CHARACTER SET utf8mb4 COLLATE utf8mb4_bin NOT NULL CHECK (json_valid(`jawaban`)),
  `sesi` int(11) NOT NULL,
  `createdAt` timestamp NULL DEFAULT NULL,
  `updatedAt` timestamp NULL DEFAULT '0000-00-00 00:00:00'
) ENGINE=InnoDB DEFAULT CHARSET=utf8mb4 COLLATE=utf8mb4_general_ci;

--
-- Dumping data untuk tabel `tbl_konsultasi`
--

INSERT INTO `tbl_konsultasi` (`id_konsultasi`, `id_user`, `jawaban`, `sesi`, `createdAt`, `updatedAt`) VALUES
('K001', 201110008, '[7,8,3]', 1, '2022-12-24 04:50:24', '2022-12-24 04:50:24'),
('K002', 201110009, '[9,13,12]', 1, '2022-12-24 07:39:46', '2022-12-24 07:39:46'),
('K003', 201110009, '[15,15,11]', 2, '2022-12-24 07:40:19', '2022-12-24 07:40:19'),
('K004', 201110009, '[16,16,13]', 3, '2022-12-24 07:40:50', '2022-12-24 07:40:50'),
('K005', 201110009, '[12,15,13]', 4, '2022-12-24 07:42:02', '2022-12-24 07:42:02'),
('K006', 201110003, '[10,10,9]', 1, '2022-12-24 07:42:45', '2022-12-24 07:42:45'),
('K007', 201110003, '[16,16,16]', 2, '2022-12-24 07:43:45', '2022-12-24 07:43:45'),
('K008', 201110009, '[6,7,7]', 5, '2022-12-24 17:41:13', '2022-12-24 17:41:13'),
('K009', 201110008, '[4,5,5]', 2, '2022-12-24 18:20:59', '2022-12-24 18:20:59'),
('K010', 201110011, '[12,9,7]', 1, '2022-12-24 18:26:36', '2022-12-24 18:26:36'),
('K011', 201110009, '[6,5,9]', 6, '2022-12-24 18:41:16', '2022-12-24 18:41:16');

-- --------------------------------------------------------

--
-- Struktur dari tabel `tbl_konsultasi_hasildetail`
--

CREATE TABLE `tbl_konsultasi_hasildetail` (
  `id_konsultasi_hasildetail` varchar(20) NOT NULL,
  `id_user` int(11) NOT NULL,
  `z_score_total` float NOT NULL,
  `sesi` int(11) NOT NULL,
  `id_tingkat_stres` varchar(5) NOT NULL,
  `createdAt` timestamp NOT NULL DEFAULT current_timestamp() ON UPDATE current_timestamp(),
  `updatedAt` timestamp NOT NULL DEFAULT '0000-00-00 00:00:00'
) ENGINE=InnoDB DEFAULT CHARSET=utf8mb4 COLLATE=utf8mb4_general_ci;

--
-- Dumping data untuk tabel `tbl_konsultasi_hasildetail`
--

INSERT INTO `tbl_konsultasi_hasildetail` (`id_konsultasi_hasildetail`, `id_user`, `z_score_total`, `sesi`, `id_tingkat_stres`, `createdAt`, `updatedAt`) VALUES
('KHD0001', 201110008, 12, 1, 'TS01', '2022-12-24 04:50:24', '2022-12-24 04:50:24'),
('KHD0002', 201110009, 24.68, 1, 'TS02', '2022-12-24 07:39:46', '2022-12-24 07:39:46'),
('KHD0003', 201110009, 25.68, 2, 'TS02', '2022-12-24 07:40:19', '2022-12-24 07:40:19'),
('KHD0004', 201110009, 27.48, 3, 'TS03', '2022-12-24 07:40:50', '2022-12-24 07:40:50'),
('KHD0005', 201110009, 27.2, 4, 'TS03', '2022-12-24 07:42:02', '2022-12-24 07:42:02'),
('KHD0006', 201110003, 29.88, 1, 'TS03', '2022-12-24 07:42:45', '2022-12-24 07:42:45'),
('KHD0007', 201110003, 27.48, 2, 'TS03', '2022-12-24 07:43:45', '2022-12-24 07:43:45'),
('KHD0008', 201110009, 21.27, 5, 'TS02', '2022-12-24 17:41:13', '2022-12-24 17:41:13'),
('KHD0009', 201110008, 17.31, 2, 'TS01', '2022-12-24 18:20:59', '2022-12-24 18:20:59'),
('KHD0010', 201110011, 28.28, 1, 'TS03', '2022-12-24 18:26:36', '2022-12-24 18:26:36'),
('KHD0011', 201110009, 24, 6, 'TS02', '2022-12-24 18:41:16', '2022-12-24 18:41:16');

-- --------------------------------------------------------

--
-- Struktur dari tabel `tbl_pernyataan`
--

CREATE TABLE `tbl_pernyataan` (
  `id_pernyataan` varchar(5) NOT NULL,
  `id_dimensi` varchar(5) NOT NULL,
  `pernyataan` varchar(200) NOT NULL,
  `createdAt` datetime DEFAULT NULL,
  `updatedAt` datetime DEFAULT NULL
) ENGINE=InnoDB DEFAULT CHARSET=utf8mb4 COLLATE=utf8mb4_general_ci;

--
-- Dumping data untuk tabel `tbl_pernyataan`
--

INSERT INTO `tbl_pernyataan` (`id_pernyataan`, `id_dimensi`, `pernyataan`, `createdAt`, `updatedAt`) VALUES
('P01', 'D01', 'Saya merasa suasana hati saya berubah-ubah karena rutinitas kuliah atau saat berada di lingkungan kampus', NULL, NULL),
('P02', 'D02', 'Saya merasa cemas dengan hasil nilai karena saya sulit memahami materi yang disampaikan dosen', NULL, NULL),
('P03', 'D03', 'Saya tidak bisa tidur dengan nyenyak jika tugas kuliah belum saya selesaikan.', NULL, NULL),
('P04', 'D03', 'Saya mengonsumsi obat tidur karena jam tidur saya menjadi berantakan akibat sering begadang menyelesaikan tugas kuliah.', NULL, NULL),
('P05', 'D03', 'Saya mengalami kondisi bangun tidur dalam keadaan tidak segar atau tidak bersemangat.', NULL, NULL),
('P06', 'D02', 'Keringat saya keluar berlebihan pada saat panik dan kesulitan ketika tidak bisa menjawab pertanyaan saat kuliah berlangsung.', NULL, NULL),
('P07', 'D01', 'Saya merasa tidak nafsu makan jika masih banyak tugas kuliah yang belum terselesaikan.', NULL, NULL),
('P08', 'D02', 'Saya lebih sering memarahi orang-orang di sekitar saya ketika sedang mengalami kesulitan dalam mengerjakan tugas.', NULL, NULL),
('P09', 'D01', 'Saya merasa kesulitan dalam berkonsentrasi dan mengingat materi ketika dosen sedang menyampaikan materi.', NULL, NULL),
('P10', 'D03', 'Keringat saya bercucuran ketika saya diminta untuk menjawab soal-soal yang diberi oleh dosen.', NULL, NULL),
('P11', 'D01', 'Meskipun sudah belajar, saya tetap merasa gelisah ketika maju presentasi.', NULL, NULL),
('P12', 'D02', 'Saya merasa jengkel dengan dosen yang memberikan deadline pengerjaan tugas yang terlalu singkat.', NULL, NULL);

-- --------------------------------------------------------

--
-- Struktur dari tabel `tbl_tingkat_stres`
--

CREATE TABLE `tbl_tingkat_stres` (
  `id_tingkat_stres` varchar(5) NOT NULL,
  `tingkat_stres` varchar(50) NOT NULL,
  `skala_stres` float NOT NULL
) ENGINE=InnoDB DEFAULT CHARSET=utf8mb4 COLLATE=utf8mb4_general_ci;

--
-- Dumping data untuk tabel `tbl_tingkat_stres`
--

INSERT INTO `tbl_tingkat_stres` (`id_tingkat_stres`, `tingkat_stres`, `skala_stres`) VALUES
('TS01', 'Stres ringan', 12),
('TS02', 'Stres sedang', 24),
('TS03', 'Stres berat', 36);

-- --------------------------------------------------------

--
-- Struktur dari tabel `tbl_users`
--

CREATE TABLE `tbl_users` (
  `id` int(11) NOT NULL,
  `nama_user` varchar(50) NOT NULL,
  `username` varchar(50) NOT NULL,
  `password` varchar(100) NOT NULL,
  `user_level` enum('user','admin') NOT NULL,
  `createdAt` datetime NOT NULL,
  `updatedAt` datetime NOT NULL,
  `refresh_token` varchar(300) DEFAULT NULL
) ENGINE=InnoDB DEFAULT CHARSET=utf8mb4 COLLATE=utf8mb4_general_ci;

--
-- Dumping data untuk tabel `tbl_users`
--

INSERT INTO `tbl_users` (`id`, `nama_user`, `username`, `password`, `user_level`, `createdAt`, `updatedAt`, `refresh_token`) VALUES
(201110001, 'Muhammad Fadilah', 'fadil@gmail.com', '$2b$10$5vLXQnQWVN36Oms9y8jiTe1B5dnqjtP5olvFiC1JDL1IKn66jrzb6', 'user', '2022-12-24 04:43:33', '2022-12-24 04:43:33', NULL),
(201110002, 'Abdullah Faza Farhan', 'papaz@gmail.com', '$2b$10$8LBLxdINOZd5it.LSpemTu3wujSkdYmqbKS.74CWX.lNyy7jTwfUe', 'user', '2022-12-24 04:43:42', '2022-12-24 04:43:42', NULL),
(201110003, 'budi setiawan', 'budi@gmail.com', '$2b$10$4PQoexGOu9ZtVySEqSpluui2VEnFlCQH91OccZ/do/3y0lE9hRxZi', 'user', '2022-12-24 04:43:51', '2022-12-24 17:37:24', NULL),
(201110004, 'cartanu', 'canu@gmail.com', '$2b$10$p6ezGdzHfjhPnzKlRIv0V.KvMUFDu2Xh/fgc8LH4V7EiBHU3RlWZe', 'user', '2022-12-24 04:44:04', '2022-12-24 04:44:19', NULL),
(201110005, 'Muhammad Fathan Sembada', 'fatan@gmail.com', '$2b$10$HMYSOwlTNvleTkla7B7R8esmELtse4BgMdQUR9LZLbfms7/ChYt.a', 'user', '2022-12-24 04:44:35', '2022-12-24 04:44:35', NULL),
(201110006, 'Hanifah', 'hani@gmail.com', '$2b$10$I2ALQ2nyvsWvnVqUiwQEWebYowMMJ3ozJYg7qKEvplJwbu3yw.qhm', 'user', '2022-12-24 04:44:42', '2022-12-24 04:44:42', NULL),
(201110007, 'Nadya Putri Suwandi', 'nadya@gmail.com', '$2b$10$9M5HKdFsYMWeuuGl2TlvoeG1pJN1oaLQH8mPNR.01yJ9EPwq3n6W6', 'user', '2022-12-24 04:44:51', '2022-12-24 04:44:51', NULL),
(201110008, 'Riska Widianti', 'riska@gmail.com', '$2b$10$/2/QbOQjoSsHDIdowQtcF.B..PKTJq.gP9bhp9hxUG6wJKcPd/xpS', 'user', '2022-12-24 04:45:05', '2022-12-24 18:24:09', NULL),
(201110009, 'Ibnu Surya Wibowo', 'ibnu@gmail.com', '$2b$10$XjkO0HZMuEzPWzdJw09eSOkGwDMNFJLhrPQizExU4OCdcICjom11C', 'user', '2022-12-24 07:39:16', '2022-12-24 18:40:56', 'eyJhbGciOiJIUzI1NiIsInR5cCI6IkpXVCJ9.eyJpZCI6MjAxMTEwMDA5LCJuYW1hX3VzZXIiOiJJYm51IFN1cnlhIFdpYm93byIsInVzZXJuYW1lIjoiaWJudUBnbWFpbC5jb20iLCJ1c2VyX2xldmVsIjoidXNlciIsImlhdCI6MTY3MTkwNzI1NiwiZXhwIjoxNjcxOTkzNjU2fQ.XE9e0q3IwP0vUFiF6YsyOObn0_fcsXux5iRjujVL1SM'),
(201110010, 'Muhammad Fathul Ihsan', 'ihsan@gmail.com', '$2b$10$7oftJLyczKfFaJEWg1g4muFXXNJky.yUWBV8nNh9cs9PWD4bwckkm', 'user', '2022-12-24 18:24:26', '2022-12-24 18:24:26', NULL),
(201110011, 'Indah Dwi ', 'indah@gmail.com', '$2b$10$zHRlistnsnCkWk7ID9C1XufWmTZJcFCqGOCZqylteloB66Zh2.Z.a', 'user', '2022-12-24 18:26:04', '2022-12-24 18:26:43', NULL);

--
-- Indexes for dumped tables
--

--
-- Indeks untuk tabel `tbl_dimensi`
--
ALTER TABLE `tbl_dimensi`
  ADD PRIMARY KEY (`id_dimensi`);

--
-- Indeks untuk tabel `tbl_hasil`
--
ALTER TABLE `tbl_hasil`
  ADD PRIMARY KEY (`id_hasil`),
  ADD KEY `id_user` (`id_user`);

--
-- Indeks untuk tabel `tbl_keanggotaan`
--
ALTER TABLE `tbl_keanggotaan`
  ADD PRIMARY KEY (`id_keanggotaan`),
  ADD KEY `id_dimensi` (`id_dimensi`);

--
-- Indeks untuk tabel `tbl_konsultasi`
--
ALTER TABLE `tbl_konsultasi`
  ADD PRIMARY KEY (`id_konsultasi`),
  ADD KEY `id_user` (`id_user`);

--
-- Indeks untuk tabel `tbl_konsultasi_hasildetail`
--
ALTER TABLE `tbl_konsultasi_hasildetail`
  ADD PRIMARY KEY (`id_konsultasi_hasildetail`),
  ADD KEY `id_user` (`id_user`),
  ADD KEY `id_tingkat_stres` (`id_tingkat_stres`);

--
-- Indeks untuk tabel `tbl_pernyataan`
--
ALTER TABLE `tbl_pernyataan`
  ADD PRIMARY KEY (`id_pernyataan`),
  ADD KEY `id_dimensi` (`id_dimensi`);

--
-- Indeks untuk tabel `tbl_tingkat_stres`
--
ALTER TABLE `tbl_tingkat_stres`
  ADD PRIMARY KEY (`id_tingkat_stres`);

--
-- Indeks untuk tabel `tbl_users`
--
ALTER TABLE `tbl_users`
  ADD PRIMARY KEY (`id`);

--
-- Ketidakleluasaan untuk tabel pelimpahan (Dumped Tables)
--

--
-- Ketidakleluasaan untuk tabel `tbl_hasil`
--
ALTER TABLE `tbl_hasil`
  ADD CONSTRAINT `tbl_hasil_ibfk_3` FOREIGN KEY (`id_user`) REFERENCES `tbl_users` (`id`) ON DELETE CASCADE;

--
-- Ketidakleluasaan untuk tabel `tbl_keanggotaan`
--
ALTER TABLE `tbl_keanggotaan`
  ADD CONSTRAINT `tbl_keanggotaan_ibfk_1` FOREIGN KEY (`id_dimensi`) REFERENCES `tbl_dimensi` (`id_dimensi`);

--
-- Ketidakleluasaan untuk tabel `tbl_konsultasi`
--
ALTER TABLE `tbl_konsultasi`
  ADD CONSTRAINT `tbl_konsultasi_ibfk_1` FOREIGN KEY (`id_user`) REFERENCES `tbl_users` (`id`) ON DELETE CASCADE;

--
-- Ketidakleluasaan untuk tabel `tbl_konsultasi_hasildetail`
--
ALTER TABLE `tbl_konsultasi_hasildetail`
  ADD CONSTRAINT `tbl_konsultasi_hasildetail_ibfk_2` FOREIGN KEY (`id_user`) REFERENCES `tbl_users` (`id`) ON DELETE CASCADE,
  ADD CONSTRAINT `tbl_konsultasi_hasildetail_ibfk_3` FOREIGN KEY (`id_tingkat_stres`) REFERENCES `tbl_tingkat_stres` (`id_tingkat_stres`);

--
-- Ketidakleluasaan untuk tabel `tbl_pernyataan`
--
ALTER TABLE `tbl_pernyataan`
  ADD CONSTRAINT `tbl_pernyataan_ibfk_1` FOREIGN KEY (`id_dimensi`) REFERENCES `tbl_dimensi` (`id_dimensi`);
COMMIT;

/*!40101 SET CHARACTER_SET_CLIENT=@OLD_CHARACTER_SET_CLIENT */;
/*!40101 SET CHARACTER_SET_RESULTS=@OLD_CHARACTER_SET_RESULTS */;
/*!40101 SET COLLATION_CONNECTION=@OLD_COLLATION_CONNECTION */;
