-- phpMyAdmin SQL Dump
-- version 5.2.0
-- https://www.phpmyadmin.net/
--
-- Host: localhost
-- Waktu pembuatan: 27 Des 2022 pada 10.06
-- Versi server: 10.4.27-MariaDB
-- Versi PHP: 8.1.12

SET SQL_MODE = "NO_AUTO_VALUE_ON_ZERO";
START TRANSACTION;
SET time_zone = "+00:00";


/*!40101 SET @OLD_CHARACTER_SET_CLIENT=@@CHARACTER_SET_CLIENT */;
/*!40101 SET @OLD_CHARACTER_SET_RESULTS=@@CHARACTER_SET_RESULTS */;
/*!40101 SET @OLD_COLLATION_CONNECTION=@@COLLATION_CONNECTION */;
/*!40101 SET NAMES utf8mb4 */;

--
-- Database: `expert_system`
--

-- --------------------------------------------------------

--
-- Struktur dari tabel `tbl_dimensi`
--

CREATE TABLE `tbl_dimensi` (
  `id_dimensi` varchar(5) NOT NULL,
  `nama_dimensi` varchar(200) NOT NULL
) ENGINE=InnoDB DEFAULT CHARSET=utf8mb4 COLLATE=utf8mb4_general_ci;

--
-- Dumping data untuk tabel `tbl_dimensi`
--

INSERT INTO `tbl_dimensi` (`id_dimensi`, `nama_dimensi`) VALUES
('D01', 'Perasaan berubah-ubah'),
('D02', 'Perasaan tidak terkendali'),
('D03', 'Perasaan terbebani lebih'),
('D04', 'Tingkat Stres');

-- --------------------------------------------------------

--
-- Struktur dari tabel `tbl_hasil`
--

CREATE TABLE `tbl_hasil` (
  `id_hasil` varchar(5) NOT NULL,
  `id_user` int(11) NOT NULL,
  `a` varchar(200) NOT NULL,
  `a_predikat` float NOT NULL,
  `z` float NOT NULL,
  `sesi` int(10) NOT NULL,
  `createdAt` timestamp NOT NULL DEFAULT current_timestamp() ON UPDATE current_timestamp()
) ENGINE=InnoDB DEFAULT CHARSET=utf8mb4 COLLATE=utf8mb4_general_ci;

--
-- Dumping data untuk tabel `tbl_hasil`
--

INSERT INTO `tbl_hasil` (`id_hasil`, `id_user`, `a`, `a_predikat`, `z`, `sesi`, `createdAt`) VALUES
('H0000', 201110001, '[0.71,1,0]', 0, 24, 1, '2022-12-27 05:46:18'),
('H0001', 201110001, '[0.71,1,1]', 0.71, 15.48, 1, '2022-12-27 05:46:18'),
('H0002', 201110001, '[0.71,1,1]', 0.71, 27.48, 1, '2022-12-27 05:46:18'),
('H0003', 201110001, '[0.71,0,0]', 0, 24, 1, '2022-12-27 05:46:18'),
('H0004', 201110001, '[0.71,0,1]', 0, 36, 1, '2022-12-27 05:46:18'),
('H0005', 201110001, '[0.71,0,1]', 0, 36, 1, '2022-12-27 05:46:18'),
('H0006', 201110001, '[0.71,0,0]', 0, 36, 1, '2022-12-27 05:46:18'),
('H0007', 201110001, '[0.71,0,1]', 0, 36, 1, '2022-12-27 05:46:18'),
('H0008', 201110001, '[0.71,0,1]', 0, 24, 1, '2022-12-27 05:46:18'),
('H0009', 201110001, '[0.29,1,0]', 0, 36, 1, '2022-12-27 05:46:18'),
('H0010', 201110001, '[0.29,1,1]', 0.29, 32.52, 1, '2022-12-27 05:46:18'),
('H0011', 201110001, '[0.29,1,1]', 0.29, 32.52, 1, '2022-12-27 05:46:18'),
('H0012', 201110001, '[0.29,0,0]', 0, 36, 1, '2022-12-27 05:46:18'),
('H0013', 201110001, '[0.29,0,1]', 0, 24, 1, '2022-12-27 05:46:18'),
('H0014', 201110001, '[0.29,0,1]', 0, 24, 1, '2022-12-27 05:46:18'),
('H0015', 201110001, '[0.29,0,0]', 0, 24, 1, '2022-12-27 05:46:18'),
('H0016', 201110001, '[0.29,0,1]', 0, 24, 1, '2022-12-27 05:46:18'),
('H0017', 201110001, '[0.29,0,1]', 0, 24, 1, '2022-12-27 05:46:18'),
('H0018', 201110001, '[0,1,0]', 0, 36, 1, '2022-12-27 05:46:18'),
('H0019', 201110001, '[0,1,1]', 0, 24, 1, '2022-12-27 05:46:18'),
('H0020', 201110001, '[0,1,1]', 0, 24, 1, '2022-12-27 05:46:18'),
('H0021', 201110001, '[0,0,0]', 0, 24, 1, '2022-12-27 05:46:18'),
('H0022', 201110001, '[0,0,1]', 0, 24, 1, '2022-12-27 05:46:18'),
('H0023', 201110001, '[0,0,1]', 0, 24, 1, '2022-12-27 05:46:18'),
('H0024', 201110001, '[0,0,0]', 0, 24, 1, '2022-12-27 05:46:18'),
('H0025', 201110001, '[0,0,1]', 0, 24, 1, '2022-12-27 05:46:18'),
('H0026', 201110001, '[0,0,1]', 0, 24, 1, '2022-12-27 05:46:18'),
('H0027', 201110003, '[0.71,1,0]', 0, 24, 1, '2022-12-27 05:53:38'),
('H0028', 201110003, '[0.71,1,1]', 0.71, 15.48, 1, '2022-12-27 05:53:38'),
('H0029', 201110003, '[0.71,1,1]', 0.71, 27.48, 1, '2022-12-27 05:53:38'),
('H0030', 201110003, '[0.71,0,0]', 0, 24, 1, '2022-12-27 05:53:38'),
('H0031', 201110003, '[0.71,0,1]', 0, 36, 1, '2022-12-27 05:53:38'),
('H0032', 201110003, '[0.71,0,1]', 0, 36, 1, '2022-12-27 05:53:38'),
('H0033', 201110003, '[0.71,0,0]', 0, 36, 1, '2022-12-27 05:53:38'),
('H0034', 201110003, '[0.71,0,1]', 0, 36, 1, '2022-12-27 05:53:38'),
('H0035', 201110003, '[0.71,0,1]', 0, 24, 1, '2022-12-27 05:53:38'),
('H0036', 201110003, '[0.29,1,0]', 0, 36, 1, '2022-12-27 05:53:38'),
('H0037', 201110003, '[0.29,1,1]', 0.29, 32.52, 1, '2022-12-27 05:53:39'),
('H0038', 201110003, '[0.29,1,1]', 0.29, 32.52, 1, '2022-12-27 05:53:39'),
('H0039', 201110003, '[0.29,0,0]', 0, 36, 1, '2022-12-27 05:53:39'),
('H0040', 201110003, '[0.29,0,1]', 0, 24, 1, '2022-12-27 05:53:39'),
('H0041', 201110003, '[0.29,0,1]', 0, 24, 1, '2022-12-27 05:53:39'),
('H0042', 201110003, '[0.29,0,0]', 0, 24, 1, '2022-12-27 05:53:39'),
('H0043', 201110003, '[0.29,0,1]', 0, 24, 1, '2022-12-27 05:53:39'),
('H0044', 201110003, '[0.29,0,1]', 0, 24, 1, '2022-12-27 05:53:39'),
('H0045', 201110003, '[0,1,0]', 0, 36, 1, '2022-12-27 05:53:39'),
('H0046', 201110003, '[0,1,1]', 0, 24, 1, '2022-12-27 05:53:39'),
('H0047', 201110003, '[0,1,1]', 0, 24, 1, '2022-12-27 05:53:39'),
('H0048', 201110003, '[0,0,0]', 0, 24, 1, '2022-12-27 05:53:39'),
('H0049', 201110003, '[0,0,1]', 0, 24, 1, '2022-12-27 05:53:39'),
('H0050', 201110003, '[0,0,1]', 0, 24, 1, '2022-12-27 05:53:39'),
('H0051', 201110003, '[0,0,0]', 0, 24, 1, '2022-12-27 05:53:39'),
('H0052', 201110003, '[0,0,1]', 0, 24, 1, '2022-12-27 05:53:39'),
('H0053', 201110003, '[0,0,1]', 0, 24, 1, '2022-12-27 05:53:39'),
('H0054', 201110003, '[0.71,1,0]', 0, 24, 2, '2022-12-27 05:53:46'),
('H0055', 201110003, '[0.71,1,1]', 0.71, 15.48, 2, '2022-12-27 05:53:46'),
('H0056', 201110003, '[0.71,1,1]', 0.71, 27.48, 2, '2022-12-27 05:53:46'),
('H0057', 201110003, '[0.71,0,0]', 0, 24, 2, '2022-12-27 05:53:46'),
('H0058', 201110003, '[0.71,0,1]', 0, 36, 2, '2022-12-27 05:53:46'),
('H0059', 201110003, '[0.71,0,1]', 0, 36, 2, '2022-12-27 05:53:46'),
('H0060', 201110003, '[0.71,0,0]', 0, 36, 2, '2022-12-27 05:53:46'),
('H0061', 201110003, '[0.71,0,1]', 0, 36, 2, '2022-12-27 05:53:46'),
('H0062', 201110003, '[0.71,0,1]', 0, 24, 2, '2022-12-27 05:53:46'),
('H0063', 201110003, '[0.29,1,0]', 0, 36, 2, '2022-12-27 05:53:46'),
('H0064', 201110003, '[0.29,1,1]', 0.29, 32.52, 2, '2022-12-27 05:53:46'),
('H0065', 201110003, '[0.29,1,1]', 0.29, 32.52, 2, '2022-12-27 05:53:46'),
('H0066', 201110003, '[0.29,0,0]', 0, 36, 2, '2022-12-27 05:53:46'),
('H0067', 201110003, '[0.29,0,1]', 0, 24, 2, '2022-12-27 05:53:46'),
('H0068', 201110003, '[0.29,0,1]', 0, 24, 2, '2022-12-27 05:53:46'),
('H0069', 201110003, '[0.29,0,0]', 0, 24, 2, '2022-12-27 05:53:46'),
('H0070', 201110003, '[0.29,0,1]', 0, 24, 2, '2022-12-27 05:53:46'),
('H0071', 201110003, '[0.29,0,1]', 0, 24, 2, '2022-12-27 05:53:46'),
('H0072', 201110003, '[0,1,0]', 0, 36, 2, '2022-12-27 05:53:46'),
('H0073', 201110003, '[0,1,1]', 0, 24, 2, '2022-12-27 05:53:46'),
('H0074', 201110003, '[0,1,1]', 0, 24, 2, '2022-12-27 05:53:46'),
('H0075', 201110003, '[0,0,0]', 0, 24, 2, '2022-12-27 05:53:46'),
('H0076', 201110003, '[0,0,1]', 0, 24, 2, '2022-12-27 05:53:46'),
('H0077', 201110003, '[0,0,1]', 0, 24, 2, '2022-12-27 05:53:46'),
('H0078', 201110003, '[0,0,0]', 0, 24, 2, '2022-12-27 05:53:46'),
('H0079', 201110003, '[0,0,1]', 0, 24, 2, '2022-12-27 05:53:46'),
('H0080', 201110003, '[0,0,1]', 0, 24, 2, '2022-12-27 05:53:46'),
('H0081', 201110003, '[0.71,1,0]', 0, 24, 3, '2022-12-27 05:54:57'),
('H0082', 201110003, '[0.71,1,1]', 0.71, 15.48, 3, '2022-12-27 05:54:57'),
('H0083', 201110003, '[0.71,1,1]', 0.71, 27.48, 3, '2022-12-27 05:54:57'),
('H0084', 201110003, '[0.71,0,0]', 0, 24, 3, '2022-12-27 05:54:57'),
('H0085', 201110003, '[0.71,0,1]', 0, 36, 3, '2022-12-27 05:54:57'),
('H0086', 201110003, '[0.71,0,1]', 0, 36, 3, '2022-12-27 05:54:57'),
('H0087', 201110003, '[0.71,0,0]', 0, 36, 3, '2022-12-27 05:54:57'),
('H0088', 201110003, '[0.71,0,1]', 0, 36, 3, '2022-12-27 05:54:57'),
('H0089', 201110003, '[0.71,0,1]', 0, 24, 3, '2022-12-27 05:54:57'),
('H0090', 201110003, '[0.29,1,0]', 0, 36, 3, '2022-12-27 05:54:57'),
('H0091', 201110003, '[0.29,1,1]', 0.29, 32.52, 3, '2022-12-27 05:54:57'),
('H0092', 201110003, '[0.29,1,1]', 0.29, 32.52, 3, '2022-12-27 05:54:57'),
('H0093', 201110003, '[0.29,0,0]', 0, 36, 3, '2022-12-27 05:54:57'),
('H0094', 201110003, '[0.29,0,1]', 0, 24, 3, '2022-12-27 05:54:57'),
('H0095', 201110003, '[0.29,0,1]', 0, 24, 3, '2022-12-27 05:54:57'),
('H0096', 201110003, '[0.29,0,0]', 0, 24, 3, '2022-12-27 05:54:57'),
('H0097', 201110003, '[0.29,0,1]', 0, 24, 3, '2022-12-27 05:54:57'),
('H0098', 201110003, '[0.29,0,1]', 0, 24, 3, '2022-12-27 05:54:57'),
('H0099', 201110003, '[0,1,0]', 0, 36, 3, '2022-12-27 05:54:57'),
('H0100', 201110003, '[0,1,1]', 0, 24, 3, '2022-12-27 05:54:57'),
('H0101', 201110003, '[0,1,1]', 0, 24, 3, '2022-12-27 05:54:57'),
('H0102', 201110003, '[0,0,0]', 0, 24, 3, '2022-12-27 05:54:58'),
('H0103', 201110003, '[0,0,1]', 0, 24, 3, '2022-12-27 05:54:58'),
('H0104', 201110003, '[0,0,1]', 0, 24, 3, '2022-12-27 05:54:58'),
('H0105', 201110003, '[0,0,0]', 0, 24, 3, '2022-12-27 05:54:58'),
('H0106', 201110003, '[0,0,1]', 0, 24, 3, '2022-12-27 05:54:58'),
('H0107', 201110003, '[0,0,1]', 0, 24, 3, '2022-12-27 05:54:58'),
('H0108', 201110003, '[1,1,0]', 0, 24, 4, '2022-12-27 05:55:19'),
('H0109', 201110003, '[1,1,1]', 1, 12, 4, '2022-12-27 05:55:19'),
('H0110', 201110003, '[1,1,1]', 1, 24, 4, '2022-12-27 05:55:19'),
('H0111', 201110003, '[1,0,0]', 0, 24, 4, '2022-12-27 05:55:19'),
('H0112', 201110003, '[1,0,1]', 0, 36, 4, '2022-12-27 05:55:19'),
('H0113', 201110003, '[1,0,1]', 0, 36, 4, '2022-12-27 05:55:19'),
('H0114', 201110003, '[1,0,0]', 0, 36, 4, '2022-12-27 05:55:19'),
('H0115', 201110003, '[1,0,1]', 0, 36, 4, '2022-12-27 05:55:19'),
('H0116', 201110003, '[1,0,1]', 0, 24, 4, '2022-12-27 05:55:19'),
('H0117', 201110003, '[0,1,0]', 0, 36, 4, '2022-12-27 05:55:19'),
('H0118', 201110003, '[0,1,1]', 0, 36, 4, '2022-12-27 05:55:19'),
('H0119', 201110003, '[0,1,1]', 0, 36, 4, '2022-12-27 05:55:19'),
('H0120', 201110003, '[0,0,0]', 0, 36, 4, '2022-12-27 05:55:19'),
('H0121', 201110003, '[0,0,1]', 0, 24, 4, '2022-12-27 05:55:19'),
('H0122', 201110003, '[0,0,1]', 0, 24, 4, '2022-12-27 05:55:19'),
('H0123', 201110003, '[0,0,0]', 0, 24, 4, '2022-12-27 05:55:19'),
('H0124', 201110003, '[0,0,1]', 0, 24, 4, '2022-12-27 05:55:19'),
('H0125', 201110003, '[0,0,1]', 0, 24, 4, '2022-12-27 05:55:19'),
('H0126', 201110003, '[0,1,0]', 0, 36, 4, '2022-12-27 05:55:19'),
('H0127', 201110003, '[0,1,1]', 0, 24, 4, '2022-12-27 05:55:19'),
('H0128', 201110003, '[0,1,1]', 0, 24, 4, '2022-12-27 05:55:19'),
('H0129', 201110003, '[0,0,0]', 0, 24, 4, '2022-12-27 05:55:19'),
('H0130', 201110003, '[0,0,1]', 0, 24, 4, '2022-12-27 05:55:19'),
('H0131', 201110003, '[0,0,1]', 0, 24, 4, '2022-12-27 05:55:19'),
('H0132', 201110003, '[0,0,0]', 0, 24, 4, '2022-12-27 05:55:19'),
('H0133', 201110003, '[0,0,1]', 0, 24, 4, '2022-12-27 05:55:19'),
('H0134', 201110003, '[0,0,1]', 0, 24, 4, '2022-12-27 05:55:19'),
('H0135', 201110003, '[1,1,0]', 0, 24, 5, '2022-12-27 05:57:25'),
('H0136', 201110003, '[1,1,1]', 1, 12, 5, '2022-12-27 05:57:25'),
('H0137', 201110003, '[1,1,1]', 1, 24, 5, '2022-12-27 05:57:25'),
('H0138', 201110003, '[1,0,0]', 0, 24, 5, '2022-12-27 05:57:25'),
('H0139', 201110003, '[1,0,1]', 0, 36, 5, '2022-12-27 05:57:25'),
('H0140', 201110003, '[1,0,1]', 0, 36, 5, '2022-12-27 05:57:25'),
('H0141', 201110003, '[1,0,0]', 0, 36, 5, '2022-12-27 05:57:25'),
('H0142', 201110003, '[1,0,1]', 0, 36, 5, '2022-12-27 05:57:25'),
('H0143', 201110003, '[1,0,1]', 0, 24, 5, '2022-12-27 05:57:25'),
('H0144', 201110003, '[0,1,0]', 0, 36, 5, '2022-12-27 05:57:25'),
('H0145', 201110003, '[0,1,1]', 0, 36, 5, '2022-12-27 05:57:25'),
('H0146', 201110003, '[0,1,1]', 0, 36, 5, '2022-12-27 05:57:25'),
('H0147', 201110003, '[0,0,0]', 0, 36, 5, '2022-12-27 05:57:25'),
('H0148', 201110003, '[0,0,1]', 0, 24, 5, '2022-12-27 05:57:25'),
('H0149', 201110003, '[0,0,1]', 0, 24, 5, '2022-12-27 05:57:25'),
('H0150', 201110003, '[0,0,0]', 0, 24, 5, '2022-12-27 05:57:25'),
('H0151', 201110003, '[0,0,1]', 0, 24, 5, '2022-12-27 05:57:25'),
('H0152', 201110003, '[0,0,1]', 0, 24, 5, '2022-12-27 05:57:25'),
('H0153', 201110003, '[0,1,0]', 0, 36, 5, '2022-12-27 05:57:25'),
('H0154', 201110003, '[0,1,1]', 0, 24, 5, '2022-12-27 05:57:25'),
('H0155', 201110003, '[0,1,1]', 0, 24, 5, '2022-12-27 05:57:25'),
('H0156', 201110003, '[0,0,0]', 0, 24, 5, '2022-12-27 05:57:25'),
('H0157', 201110003, '[0,0,1]', 0, 24, 5, '2022-12-27 05:57:25'),
('H0158', 201110003, '[0,0,1]', 0, 24, 5, '2022-12-27 05:57:25'),
('H0159', 201110003, '[0,0,0]', 0, 24, 5, '2022-12-27 05:57:25'),
('H0160', 201110003, '[0,0,1]', 0, 24, 5, '2022-12-27 05:57:25'),
('H0161', 201110003, '[0,0,1]', 0, 24, 5, '2022-12-27 05:57:25'),
('H0162', 201110004, '[0.14,1,0]', 0, 24, 1, '2022-12-27 06:08:55'),
('H0163', 201110004, '[0.14,1,0.67]', 0.14, 22.32, 1, '2022-12-27 06:08:55'),
('H0164', 201110004, '[0.14,1,0.33]', 0.14, 34.32, 1, '2022-12-27 06:08:55'),
('H0165', 201110004, '[0.14,0,0]', 0, 24, 1, '2022-12-27 06:08:55'),
('H0166', 201110004, '[0.14,0,0.67]', 0, 36, 1, '2022-12-27 06:08:55'),
('H0167', 201110004, '[0.14,0,0.33]', 0, 36, 1, '2022-12-27 06:08:55'),
('H0168', 201110004, '[0.14,0,0]', 0, 36, 1, '2022-12-27 06:08:55'),
('H0169', 201110004, '[0.14,0,0.67]', 0, 36, 1, '2022-12-27 06:08:55'),
('H0170', 201110004, '[0.14,0,0.33]', 0, 24, 1, '2022-12-27 06:08:55'),
('H0171', 201110004, '[0.86,1,0]', 0, 36, 1, '2022-12-27 06:08:55'),
('H0172', 201110004, '[0.86,1,0.67]', 0.67, 27.96, 1, '2022-12-27 06:08:55'),
('H0173', 201110004, '[0.86,1,0.33]', 0.33, 32.04, 1, '2022-12-27 06:08:55'),
('H0174', 201110004, '[0.86,0,0]', 0, 36, 1, '2022-12-27 06:08:55'),
('H0175', 201110004, '[0.86,0,0.67]', 0, 24, 1, '2022-12-27 06:08:55'),
('H0176', 201110004, '[0.86,0,0.33]', 0, 24, 1, '2022-12-27 06:08:55'),
('H0177', 201110004, '[0.86,0,0]', 0, 24, 1, '2022-12-27 06:08:55'),
('H0178', 201110004, '[0.86,0,0.67]', 0, 24, 1, '2022-12-27 06:08:55'),
('H0179', 201110004, '[0.86,0,0.33]', 0, 24, 1, '2022-12-27 06:08:55'),
('H0180', 201110004, '[0,1,0]', 0, 36, 1, '2022-12-27 06:08:55'),
('H0181', 201110004, '[0,1,0.67]', 0, 24, 1, '2022-12-27 06:08:55'),
('H0182', 201110004, '[0,1,0.33]', 0, 24, 1, '2022-12-27 06:08:55'),
('H0183', 201110004, '[0,0,0]', 0, 24, 1, '2022-12-27 06:08:55'),
('H0184', 201110004, '[0,0,0.67]', 0, 24, 1, '2022-12-27 06:08:55'),
('H0185', 201110004, '[0,0,0.33]', 0, 24, 1, '2022-12-27 06:08:55'),
('H0186', 201110004, '[0,0,0]', 0, 24, 1, '2022-12-27 06:08:55'),
('H0187', 201110004, '[0,0,0.67]', 0, 24, 1, '2022-12-27 06:08:55'),
('H0188', 201110004, '[0,0,0.33]', 0, 24, 1, '2022-12-27 06:08:55'),
('H0189', 201110005, '[1,1,0]', 0, 24, 1, '2022-12-27 07:15:11'),
('H0190', 201110005, '[1,1,0]', 0, 24, 1, '2022-12-27 07:15:11'),
('H0191', 201110005, '[1,1,1]', 1, 24, 1, '2022-12-27 07:15:11'),
('H0192', 201110005, '[1,0,0]', 0, 24, 1, '2022-12-27 07:15:11'),
('H0193', 201110005, '[1,0,0]', 0, 36, 1, '2022-12-27 07:15:11'),
('H0194', 201110005, '[1,0,1]', 0, 36, 1, '2022-12-27 07:15:11'),
('H0195', 201110005, '[1,0,0]', 0, 36, 1, '2022-12-27 07:15:11'),
('H0196', 201110005, '[1,0,0]', 0, 36, 1, '2022-12-27 07:15:11'),
('H0197', 201110005, '[1,0,1]', 0, 24, 1, '2022-12-27 07:15:11'),
('H0198', 201110005, '[0,1,0]', 0, 36, 1, '2022-12-27 07:15:11'),
('H0199', 201110005, '[0,1,0]', 0, 36, 1, '2022-12-27 07:15:11'),
('H0200', 201110005, '[0,1,1]', 0, 36, 1, '2022-12-27 07:15:11'),
('H0201', 201110005, '[0,0,0]', 0, 36, 1, '2022-12-27 07:15:11'),
('H0202', 201110005, '[0,0,0]', 0, 24, 1, '2022-12-27 07:15:11'),
('H0203', 201110005, '[0,0,1]', 0, 24, 1, '2022-12-27 07:15:11'),
('H0204', 201110005, '[0,0,0]', 0, 24, 1, '2022-12-27 07:15:11'),
('H0205', 201110005, '[0,0,0]', 0, 24, 1, '2022-12-27 07:15:11'),
('H0206', 201110005, '[0,0,1]', 0, 24, 1, '2022-12-27 07:15:11'),
('H0207', 201110005, '[0,1,0]', 0, 36, 1, '2022-12-27 07:15:11'),
('H0208', 201110005, '[0,1,0]', 0, 24, 1, '2022-12-27 07:15:11'),
('H0209', 201110005, '[0,1,1]', 0, 24, 1, '2022-12-27 07:15:11'),
('H0210', 201110005, '[0,0,0]', 0, 24, 1, '2022-12-27 07:15:11'),
('H0211', 201110005, '[0,0,0]', 0, 24, 1, '2022-12-27 07:15:11'),
('H0212', 201110005, '[0,0,1]', 0, 24, 1, '2022-12-27 07:15:12'),
('H0213', 201110005, '[0,0,0]', 0, 24, 1, '2022-12-27 07:15:12'),
('H0214', 201110005, '[0,0,0]', 0, 24, 1, '2022-12-27 07:15:12'),
('H0215', 201110005, '[0,0,1]', 0, 24, 1, '2022-12-27 07:15:12'),
('H0216', 201110005, '[1,1,0]', 0, 24, 2, '2022-12-27 07:16:08'),
('H0217', 201110005, '[1,1,1]', 1, 12, 2, '2022-12-27 07:16:08'),
('H0218', 201110005, '[1,1,1]', 1, 24, 2, '2022-12-27 07:16:08'),
('H0219', 201110005, '[1,0,0]', 0, 24, 2, '2022-12-27 07:16:08'),
('H0220', 201110005, '[1,0,1]', 0, 36, 2, '2022-12-27 07:16:08'),
('H0221', 201110005, '[1,0,1]', 0, 36, 2, '2022-12-27 07:16:08'),
('H0222', 201110005, '[1,0,0]', 0, 36, 2, '2022-12-27 07:16:08'),
('H0223', 201110005, '[1,0,1]', 0, 36, 2, '2022-12-27 07:16:08'),
('H0224', 201110005, '[1,0,1]', 0, 24, 2, '2022-12-27 07:16:08'),
('H0225', 201110005, '[0,1,0]', 0, 36, 2, '2022-12-27 07:16:08'),
('H0226', 201110005, '[0,1,1]', 0, 36, 2, '2022-12-27 07:16:08'),
('H0227', 201110005, '[0,1,1]', 0, 36, 2, '2022-12-27 07:16:08'),
('H0228', 201110005, '[0,0,0]', 0, 36, 2, '2022-12-27 07:16:08'),
('H0229', 201110005, '[0,0,1]', 0, 24, 2, '2022-12-27 07:16:08'),
('H0230', 201110005, '[0,0,1]', 0, 24, 2, '2022-12-27 07:16:08'),
('H0231', 201110005, '[0,0,0]', 0, 24, 2, '2022-12-27 07:16:08'),
('H0232', 201110005, '[0,0,1]', 0, 24, 2, '2022-12-27 07:16:08'),
('H0233', 201110005, '[0,0,1]', 0, 24, 2, '2022-12-27 07:16:08'),
('H0234', 201110005, '[0,1,0]', 0, 36, 2, '2022-12-27 07:16:08'),
('H0235', 201110005, '[0,1,1]', 0, 24, 2, '2022-12-27 07:16:08'),
('H0236', 201110005, '[0,1,1]', 0, 24, 2, '2022-12-27 07:16:08'),
('H0237', 201110005, '[0,0,0]', 0, 24, 2, '2022-12-27 07:16:08'),
('H0238', 201110005, '[0,0,1]', 0, 24, 2, '2022-12-27 07:16:08'),
('H0239', 201110005, '[0,0,1]', 0, 24, 2, '2022-12-27 07:16:08'),
('H0240', 201110005, '[0,0,0]', 0, 24, 2, '2022-12-27 07:16:08'),
('H0241', 201110005, '[0,0,1]', 0, 24, 2, '2022-12-27 07:16:08'),
('H0242', 201110005, '[0,0,1]', 0, 24, 2, '2022-12-27 07:16:08'),
('H0243', 201110011, '[1,1,0.33]', 0.33, 20.04, 1, '2022-12-27 07:56:54'),
('H0244', 201110011, '[1,1,0.67]', 0.67, 15.96, 1, '2022-12-27 07:56:54'),
('H0245', 201110011, '[1,1,0]', 0, 36, 1, '2022-12-27 07:56:54'),
('H0246', 201110011, '[1,0,0.33]', 0, 24, 1, '2022-12-27 07:56:54'),
('H0247', 201110011, '[1,0,0.67]', 0, 36, 1, '2022-12-27 07:56:54'),
('H0248', 201110011, '[1,0,0]', 0, 36, 1, '2022-12-27 07:56:54'),
('H0249', 201110011, '[1,0,0.33]', 0, 36, 1, '2022-12-27 07:56:54'),
('H0250', 201110011, '[1,0,0.67]', 0, 36, 1, '2022-12-27 07:56:54'),
('H0251', 201110011, '[1,0,0]', 0, 24, 1, '2022-12-27 07:56:54'),
('H0252', 201110011, '[0,1,0.33]', 0, 36, 1, '2022-12-27 07:56:54'),
('H0253', 201110011, '[0,1,0.67]', 0, 36, 1, '2022-12-27 07:56:54'),
('H0254', 201110011, '[0,1,0]', 0, 36, 1, '2022-12-27 07:56:54'),
('H0255', 201110011, '[0,0,0.33]', 0, 36, 1, '2022-12-27 07:56:54'),
('H0256', 201110011, '[0,0,0.67]', 0, 24, 1, '2022-12-27 07:56:54'),
('H0257', 201110011, '[0,0,0]', 0, 24, 1, '2022-12-27 07:56:54'),
('H0258', 201110011, '[0,0,0.33]', 0, 24, 1, '2022-12-27 07:56:54'),
('H0259', 201110011, '[0,0,0.67]', 0, 24, 1, '2022-12-27 07:56:54'),
('H0260', 201110011, '[0,0,0]', 0, 24, 1, '2022-12-27 07:56:54'),
('H0261', 201110011, '[0,1,0.33]', 0, 36, 1, '2022-12-27 07:56:54'),
('H0262', 201110011, '[0,1,0.67]', 0, 24, 1, '2022-12-27 07:56:54'),
('H0263', 201110011, '[0,1,0]', 0, 24, 1, '2022-12-27 07:56:54'),
('H0264', 201110011, '[0,0,0.33]', 0, 24, 1, '2022-12-27 07:56:54'),
('H0265', 201110011, '[0,0,0.67]', 0, 24, 1, '2022-12-27 07:56:54'),
('H0266', 201110011, '[0,0,0]', 0, 24, 1, '2022-12-27 07:56:54'),
('H0267', 201110011, '[0,0,0.33]', 0, 24, 1, '2022-12-27 07:56:54'),
('H0268', 201110011, '[0,0,0.67]', 0, 24, 1, '2022-12-27 07:56:54'),
('H0269', 201110011, '[0,0,0]', 0, 24, 1, '2022-12-27 07:56:54'),
('H0270', 201110002, '[0.71,1,0]', 0, 24, 1, '2022-12-27 07:59:54'),
('H0271', 201110002, '[0.71,1,1]', 0.71, 15.48, 1, '2022-12-27 07:59:54'),
('H0272', 201110002, '[0.71,1,1]', 0.71, 27.48, 1, '2022-12-27 07:59:54'),
('H0273', 201110002, '[0.71,0,0]', 0, 24, 1, '2022-12-27 07:59:54'),
('H0274', 201110002, '[0.71,0,1]', 0, 36, 1, '2022-12-27 07:59:54'),
('H0275', 201110002, '[0.71,0,1]', 0, 36, 1, '2022-12-27 07:59:54'),
('H0276', 201110002, '[0.71,0,0]', 0, 36, 1, '2022-12-27 07:59:54'),
('H0277', 201110002, '[0.71,0,1]', 0, 36, 1, '2022-12-27 07:59:54'),
('H0278', 201110002, '[0.71,0,1]', 0, 24, 1, '2022-12-27 07:59:54'),
('H0279', 201110002, '[0.29,1,0]', 0, 36, 1, '2022-12-27 07:59:54'),
('H0280', 201110002, '[0.29,1,1]', 0.29, 32.52, 1, '2022-12-27 07:59:54'),
('H0281', 201110002, '[0.29,1,1]', 0.29, 32.52, 1, '2022-12-27 07:59:54'),
('H0282', 201110002, '[0.29,0,0]', 0, 36, 1, '2022-12-27 07:59:54'),
('H0283', 201110002, '[0.29,0,1]', 0, 24, 1, '2022-12-27 07:59:54'),
('H0284', 201110002, '[0.29,0,1]', 0, 24, 1, '2022-12-27 07:59:54'),
('H0285', 201110002, '[0.29,0,0]', 0, 24, 1, '2022-12-27 07:59:54'),
('H0286', 201110002, '[0.29,0,1]', 0, 24, 1, '2022-12-27 07:59:54'),
('H0287', 201110002, '[0.29,0,1]', 0, 24, 1, '2022-12-27 07:59:54'),
('H0288', 201110002, '[0,1,0]', 0, 36, 1, '2022-12-27 07:59:54'),
('H0289', 201110002, '[0,1,1]', 0, 24, 1, '2022-12-27 07:59:54'),
('H0290', 201110002, '[0,1,1]', 0, 24, 1, '2022-12-27 07:59:54'),
('H0291', 201110002, '[0,0,0]', 0, 24, 1, '2022-12-27 07:59:54'),
('H0292', 201110002, '[0,0,1]', 0, 24, 1, '2022-12-27 07:59:54'),
('H0293', 201110002, '[0,0,1]', 0, 24, 1, '2022-12-27 07:59:54'),
('H0294', 201110002, '[0,0,0]', 0, 24, 1, '2022-12-27 07:59:54'),
('H0295', 201110002, '[0,0,1]', 0, 24, 1, '2022-12-27 07:59:54'),
('H0296', 201110002, '[0,0,1]', 0, 24, 1, '2022-12-27 07:59:54'),
('H0297', 201110002, '[0,1,0]', 0, 24, 2, '2022-12-27 08:00:26'),
('H0298', 201110002, '[0,1,1]', 0, 24, 2, '2022-12-27 08:00:26'),
('H0299', 201110002, '[0,1,1]', 0, 36, 2, '2022-12-27 08:00:26'),
('H0300', 201110002, '[0,0,0]', 0, 24, 2, '2022-12-27 08:00:26'),
('H0301', 201110002, '[0,0,1]', 0, 36, 2, '2022-12-27 08:00:26'),
('H0302', 201110002, '[0,0,1]', 0, 36, 2, '2022-12-27 08:00:26'),
('H0303', 201110002, '[0,0,0]', 0, 36, 2, '2022-12-27 08:00:26'),
('H0304', 201110002, '[0,0,1]', 0, 36, 2, '2022-12-27 08:00:26'),
('H0305', 201110002, '[0,0,1]', 0, 24, 2, '2022-12-27 08:00:26'),
('H0306', 201110002, '[0.71,1,0]', 0, 36, 2, '2022-12-27 08:00:26'),
('H0307', 201110002, '[0.71,1,1]', 0.71, 27.48, 2, '2022-12-27 08:00:26'),
('H0308', 201110002, '[0.71,1,1]', 0.71, 27.48, 2, '2022-12-27 08:00:26'),
('H0309', 201110002, '[0.71,0,0]', 0, 36, 2, '2022-12-27 08:00:26'),
('H0310', 201110002, '[0.71,0,1]', 0, 24, 2, '2022-12-27 08:00:26'),
('H0311', 201110002, '[0.71,0,1]', 0, 24, 2, '2022-12-27 08:00:26'),
('H0312', 201110002, '[0.71,0,0]', 0, 24, 2, '2022-12-27 08:00:26'),
('H0313', 201110002, '[0.71,0,1]', 0, 24, 2, '2022-12-27 08:00:26'),
('H0314', 201110002, '[0.71,0,1]', 0, 24, 2, '2022-12-27 08:00:26'),
('H0315', 201110002, '[0.29,1,0]', 0, 36, 2, '2022-12-27 08:00:26'),
('H0316', 201110002, '[0.29,1,1]', 0.29, 27.48, 2, '2022-12-27 08:00:26'),
('H0317', 201110002, '[0.29,1,1]', 0.29, 27.48, 2, '2022-12-27 08:00:26'),
('H0318', 201110002, '[0.29,0,0]', 0, 24, 2, '2022-12-27 08:00:26'),
('H0319', 201110002, '[0.29,0,1]', 0, 24, 2, '2022-12-27 08:00:26'),
('H0320', 201110002, '[0.29,0,1]', 0, 24, 2, '2022-12-27 08:00:26'),
('H0321', 201110002, '[0.29,0,0]', 0, 24, 2, '2022-12-27 08:00:26'),
('H0322', 201110002, '[0.29,0,1]', 0, 24, 2, '2022-12-27 08:00:26'),
('H0323', 201110002, '[0.29,0,1]', 0, 24, 2, '2022-12-27 08:00:26'),
('H0324', 201110002, '[0,1,0]', 0, 24, 3, '2022-12-27 08:00:46'),
('H0325', 201110002, '[0,1,1]', 0, 24, 3, '2022-12-27 08:00:46'),
('H0326', 201110002, '[0,1,1]', 0, 36, 3, '2022-12-27 08:00:46'),
('H0327', 201110002, '[0,0,0]', 0, 24, 3, '2022-12-27 08:00:46'),
('H0328', 201110002, '[0,0,1]', 0, 36, 3, '2022-12-27 08:00:46'),
('H0329', 201110002, '[0,0,1]', 0, 36, 3, '2022-12-27 08:00:46'),
('H0330', 201110002, '[0,0,0]', 0, 36, 3, '2022-12-27 08:00:46'),
('H0331', 201110002, '[0,0,1]', 0, 36, 3, '2022-12-27 08:00:46'),
('H0332', 201110002, '[0,0,1]', 0, 24, 3, '2022-12-27 08:00:46'),
('H0333', 201110002, '[0.71,1,0]', 0, 36, 3, '2022-12-27 08:00:46'),
('H0334', 201110002, '[0.71,1,1]', 0.71, 27.48, 3, '2022-12-27 08:00:46'),
('H0335', 201110002, '[0.71,1,1]', 0.71, 27.48, 3, '2022-12-27 08:00:46'),
('H0336', 201110002, '[0.71,0,0]', 0, 36, 3, '2022-12-27 08:00:46'),
('H0337', 201110002, '[0.71,0,1]', 0, 24, 3, '2022-12-27 08:00:46'),
('H0338', 201110002, '[0.71,0,1]', 0, 24, 3, '2022-12-27 08:00:46'),
('H0339', 201110002, '[0.71,0,0]', 0, 24, 3, '2022-12-27 08:00:46'),
('H0340', 201110002, '[0.71,0,1]', 0, 24, 3, '2022-12-27 08:00:46'),
('H0341', 201110002, '[0.71,0,1]', 0, 24, 3, '2022-12-27 08:00:46'),
('H0342', 201110002, '[0.29,1,0]', 0, 36, 3, '2022-12-27 08:00:46'),
('H0343', 201110002, '[0.29,1,1]', 0.29, 27.48, 3, '2022-12-27 08:00:46'),
('H0344', 201110002, '[0.29,1,1]', 0.29, 27.48, 3, '2022-12-27 08:00:46'),
('H0345', 201110002, '[0.29,0,0]', 0, 24, 3, '2022-12-27 08:00:46'),
('H0346', 201110002, '[0.29,0,1]', 0, 24, 3, '2022-12-27 08:00:46'),
('H0347', 201110002, '[0.29,0,1]', 0, 24, 3, '2022-12-27 08:00:46'),
('H0348', 201110002, '[0.29,0,0]', 0, 24, 3, '2022-12-27 08:00:46'),
('H0349', 201110002, '[0.29,0,1]', 0, 24, 3, '2022-12-27 08:00:46'),
('H0350', 201110002, '[0.29,0,1]', 0, 24, 3, '2022-12-27 08:00:46'),
('H0351', 201110002, '[0,1,0]', 0, 24, 4, '2022-12-27 08:00:56'),
('H0352', 201110002, '[0,1,1]', 0, 24, 4, '2022-12-27 08:00:56'),
('H0353', 201110002, '[0,1,1]', 0, 36, 4, '2022-12-27 08:00:56'),
('H0354', 201110002, '[0,0,0]', 0, 24, 4, '2022-12-27 08:00:56'),
('H0355', 201110002, '[0,0,1]', 0, 36, 4, '2022-12-27 08:00:56'),
('H0356', 201110002, '[0,0,1]', 0, 36, 4, '2022-12-27 08:00:56'),
('H0357', 201110002, '[0,0,0]', 0, 36, 4, '2022-12-27 08:00:56'),
('H0358', 201110002, '[0,0,1]', 0, 36, 4, '2022-12-27 08:00:56'),
('H0359', 201110002, '[0,0,1]', 0, 24, 4, '2022-12-27 08:00:56'),
('H0360', 201110002, '[0.71,1,0]', 0, 36, 4, '2022-12-27 08:00:56'),
('H0361', 201110002, '[0.71,1,1]', 0.71, 27.48, 4, '2022-12-27 08:00:56'),
('H0362', 201110002, '[0.71,1,1]', 0.71, 27.48, 4, '2022-12-27 08:00:56'),
('H0363', 201110002, '[0.71,0,0]', 0, 36, 4, '2022-12-27 08:00:56'),
('H0364', 201110002, '[0.71,0,1]', 0, 24, 4, '2022-12-27 08:00:56'),
('H0365', 201110002, '[0.71,0,1]', 0, 24, 4, '2022-12-27 08:00:56'),
('H0366', 201110002, '[0.71,0,0]', 0, 24, 4, '2022-12-27 08:00:56'),
('H0367', 201110002, '[0.71,0,1]', 0, 24, 4, '2022-12-27 08:00:56'),
('H0368', 201110002, '[0.71,0,1]', 0, 24, 4, '2022-12-27 08:00:56'),
('H0369', 201110002, '[0.29,1,0]', 0, 36, 4, '2022-12-27 08:00:56'),
('H0370', 201110002, '[0.29,1,1]', 0.29, 27.48, 4, '2022-12-27 08:00:56'),
('H0371', 201110002, '[0.29,1,1]', 0.29, 27.48, 4, '2022-12-27 08:00:56'),
('H0372', 201110002, '[0.29,0,0]', 0, 24, 4, '2022-12-27 08:00:56'),
('H0373', 201110002, '[0.29,0,1]', 0, 24, 4, '2022-12-27 08:00:56'),
('H0374', 201110002, '[0.29,0,1]', 0, 24, 4, '2022-12-27 08:00:56'),
('H0375', 201110002, '[0.29,0,0]', 0, 24, 4, '2022-12-27 08:00:56'),
('H0376', 201110002, '[0.29,0,1]', 0, 24, 4, '2022-12-27 08:00:56'),
('H0377', 201110002, '[0.29,0,1]', 0, 24, 4, '2022-12-27 08:00:56'),
('H0378', 201110002, '[0,1,0]', 0, 24, 5, '2022-12-27 08:01:00'),
('H0379', 201110002, '[0,1,1]', 0, 24, 5, '2022-12-27 08:01:00'),
('H0380', 201110002, '[0,1,1]', 0, 36, 5, '2022-12-27 08:01:00'),
('H0381', 201110002, '[0,0,0]', 0, 24, 5, '2022-12-27 08:01:00'),
('H0382', 201110002, '[0,0,1]', 0, 36, 5, '2022-12-27 08:01:00'),
('H0383', 201110002, '[0,0,1]', 0, 36, 5, '2022-12-27 08:01:00'),
('H0384', 201110002, '[0,0,0]', 0, 36, 5, '2022-12-27 08:01:00'),
('H0385', 201110002, '[0,0,1]', 0, 36, 5, '2022-12-27 08:01:00'),
('H0386', 201110002, '[0,0,1]', 0, 24, 5, '2022-12-27 08:01:00'),
('H0387', 201110002, '[0.71,1,0]', 0, 36, 5, '2022-12-27 08:01:00'),
('H0388', 201110002, '[0.71,1,1]', 0.71, 27.48, 5, '2022-12-27 08:01:00'),
('H0389', 201110002, '[0.71,1,1]', 0.71, 27.48, 5, '2022-12-27 08:01:00'),
('H0390', 201110002, '[0.71,0,0]', 0, 36, 5, '2022-12-27 08:01:00'),
('H0391', 201110002, '[0.71,0,1]', 0, 24, 5, '2022-12-27 08:01:00'),
('H0392', 201110002, '[0.71,0,1]', 0, 24, 5, '2022-12-27 08:01:00'),
('H0393', 201110002, '[0.71,0,0]', 0, 24, 5, '2022-12-27 08:01:00'),
('H0394', 201110002, '[0.71,0,1]', 0, 24, 5, '2022-12-27 08:01:00'),
('H0395', 201110002, '[0.71,0,1]', 0, 24, 5, '2022-12-27 08:01:00'),
('H0396', 201110002, '[0.29,1,0]', 0, 36, 5, '2022-12-27 08:01:00'),
('H0397', 201110002, '[0.29,1,1]', 0.29, 27.48, 5, '2022-12-27 08:01:00'),
('H0398', 201110002, '[0.29,1,1]', 0.29, 27.48, 5, '2022-12-27 08:01:00'),
('H0399', 201110002, '[0.29,0,0]', 0, 24, 5, '2022-12-27 08:01:00'),
('H0400', 201110002, '[0.29,0,1]', 0, 24, 5, '2022-12-27 08:01:00'),
('H0401', 201110002, '[0.29,0,1]', 0, 24, 5, '2022-12-27 08:01:00'),
('H0402', 201110002, '[0.29,0,0]', 0, 24, 5, '2022-12-27 08:01:00'),
('H0403', 201110002, '[0.29,0,1]', 0, 24, 5, '2022-12-27 08:01:00'),
('H0404', 201110002, '[0.29,0,1]', 0, 24, 5, '2022-12-27 08:01:00'),
('H0405', 201110005, '[0,1,0]', 0, 24, 3, '2022-12-27 08:01:42'),
('H0406', 201110005, '[0,1,1]', 0, 24, 3, '2022-12-27 08:01:42'),
('H0407', 201110005, '[0,1,1]', 0, 36, 3, '2022-12-27 08:01:42'),
('H0408', 201110005, '[0,0,0]', 0, 24, 3, '2022-12-27 08:01:42'),
('H0409', 201110005, '[0,0,1]', 0, 36, 3, '2022-12-27 08:01:42'),
('H0410', 201110005, '[0,0,1]', 0, 36, 3, '2022-12-27 08:01:42'),
('H0411', 201110005, '[0,0,0]', 0, 36, 3, '2022-12-27 08:01:42'),
('H0412', 201110005, '[0,0,1]', 0, 36, 3, '2022-12-27 08:01:42'),
('H0413', 201110005, '[0,0,1]', 0, 24, 3, '2022-12-27 08:01:42'),
('H0414', 201110005, '[0.71,1,0]', 0, 36, 3, '2022-12-27 08:01:42'),
('H0415', 201110005, '[0.71,1,1]', 0.71, 27.48, 3, '2022-12-27 08:01:42'),
('H0416', 201110005, '[0.71,1,1]', 0.71, 27.48, 3, '2022-12-27 08:01:42'),
('H0417', 201110005, '[0.71,0,0]', 0, 36, 3, '2022-12-27 08:01:42'),
('H0418', 201110005, '[0.71,0,1]', 0, 24, 3, '2022-12-27 08:01:42'),
('H0419', 201110005, '[0.71,0,1]', 0, 24, 3, '2022-12-27 08:01:42'),
('H0420', 201110005, '[0.71,0,0]', 0, 24, 3, '2022-12-27 08:01:42'),
('H0421', 201110005, '[0.71,0,1]', 0, 24, 3, '2022-12-27 08:01:42'),
('H0422', 201110005, '[0.71,0,1]', 0, 24, 3, '2022-12-27 08:01:42'),
('H0423', 201110005, '[0.29,1,0]', 0, 36, 3, '2022-12-27 08:01:42'),
('H0424', 201110005, '[0.29,1,1]', 0.29, 27.48, 3, '2022-12-27 08:01:42'),
('H0425', 201110005, '[0.29,1,1]', 0.29, 27.48, 3, '2022-12-27 08:01:42'),
('H0426', 201110005, '[0.29,0,0]', 0, 24, 3, '2022-12-27 08:01:42'),
('H0427', 201110005, '[0.29,0,1]', 0, 24, 3, '2022-12-27 08:01:42'),
('H0428', 201110005, '[0.29,0,1]', 0, 24, 3, '2022-12-27 08:01:42'),
('H0429', 201110005, '[0.29,0,0]', 0, 24, 3, '2022-12-27 08:01:42'),
('H0430', 201110005, '[0.29,0,1]', 0, 24, 3, '2022-12-27 08:01:43'),
('H0431', 201110005, '[0.29,0,1]', 0, 24, 3, '2022-12-27 08:01:43'),
('H0432', 201110009, '[0.86,1,0]', 0, 24, 1, '2022-12-27 08:04:54'),
('H0433', 201110009, '[0.86,1,1]', 0.86, 13.68, 1, '2022-12-27 08:04:54'),
('H0434', 201110009, '[0.86,1,1]', 0.86, 25.68, 1, '2022-12-27 08:04:54'),
('H0435', 201110009, '[0.86,0,0]', 0, 24, 1, '2022-12-27 08:04:54'),
('H0436', 201110009, '[0.86,0,1]', 0, 36, 1, '2022-12-27 08:04:54'),
('H0437', 201110009, '[0.86,0,1]', 0, 36, 1, '2022-12-27 08:04:54'),
('H0438', 201110009, '[0.86,0,0]', 0, 36, 1, '2022-12-27 08:04:54'),
('H0439', 201110009, '[0.86,0,1]', 0, 36, 1, '2022-12-27 08:04:54'),
('H0440', 201110009, '[0.86,0,1]', 0, 24, 1, '2022-12-27 08:04:54'),
('H0441', 201110009, '[0.14,1,0]', 0, 36, 1, '2022-12-27 08:04:54'),
('H0442', 201110009, '[0.14,1,1]', 0.14, 34.32, 1, '2022-12-27 08:04:54'),
('H0443', 201110009, '[0.14,1,1]', 0.14, 34.32, 1, '2022-12-27 08:04:54'),
('H0444', 201110009, '[0.14,0,0]', 0, 36, 1, '2022-12-27 08:04:54'),
('H0445', 201110009, '[0.14,0,1]', 0, 24, 1, '2022-12-27 08:04:54'),
('H0446', 201110009, '[0.14,0,1]', 0, 24, 1, '2022-12-27 08:04:54'),
('H0447', 201110009, '[0.14,0,0]', 0, 24, 1, '2022-12-27 08:04:54'),
('H0448', 201110009, '[0.14,0,1]', 0, 24, 1, '2022-12-27 08:04:54'),
('H0449', 201110009, '[0.14,0,1]', 0, 24, 1, '2022-12-27 08:04:54'),
('H0450', 201110009, '[0,1,0]', 0, 36, 1, '2022-12-27 08:04:54'),
('H0451', 201110009, '[0,1,1]', 0, 24, 1, '2022-12-27 08:04:54'),
('H0452', 201110009, '[0,1,1]', 0, 24, 1, '2022-12-27 08:04:54'),
('H0453', 201110009, '[0,0,0]', 0, 24, 1, '2022-12-27 08:04:54'),
('H0454', 201110009, '[0,0,1]', 0, 24, 1, '2022-12-27 08:04:54'),
('H0455', 201110009, '[0,0,1]', 0, 24, 1, '2022-12-27 08:04:54'),
('H0456', 201110009, '[0,0,0]', 0, 24, 1, '2022-12-27 08:04:54'),
('H0457', 201110009, '[0,0,1]', 0, 24, 1, '2022-12-27 08:04:54'),
('H0458', 201110009, '[0,0,1]', 0, 24, 1, '2022-12-27 08:04:54'),
('H0459', 201110008, '[0.86,1,0]', 0, 24, 1, '2022-12-27 08:05:29'),
('H0460', 201110008, '[0.86,1,1]', 0.86, 13.68, 1, '2022-12-27 08:05:29'),
('H0461', 201110008, '[0.86,1,1]', 0.86, 25.68, 1, '2022-12-27 08:05:29'),
('H0462', 201110008, '[0.86,0,0]', 0, 24, 1, '2022-12-27 08:05:29'),
('H0463', 201110008, '[0.86,0,1]', 0, 36, 1, '2022-12-27 08:05:29'),
('H0464', 201110008, '[0.86,0,1]', 0, 36, 1, '2022-12-27 08:05:29'),
('H0465', 201110008, '[0.86,0,0]', 0, 36, 1, '2022-12-27 08:05:29'),
('H0466', 201110008, '[0.86,0,1]', 0, 36, 1, '2022-12-27 08:05:29'),
('H0467', 201110008, '[0.86,0,1]', 0, 24, 1, '2022-12-27 08:05:29'),
('H0468', 201110008, '[0.14,1,0]', 0, 36, 1, '2022-12-27 08:05:29'),
('H0469', 201110008, '[0.14,1,1]', 0.14, 34.32, 1, '2022-12-27 08:05:29'),
('H0470', 201110008, '[0.14,1,1]', 0.14, 34.32, 1, '2022-12-27 08:05:29'),
('H0471', 201110008, '[0.14,0,0]', 0, 36, 1, '2022-12-27 08:05:29'),
('H0472', 201110008, '[0.14,0,1]', 0, 24, 1, '2022-12-27 08:05:29'),
('H0473', 201110008, '[0.14,0,1]', 0, 24, 1, '2022-12-27 08:05:29'),
('H0474', 201110008, '[0.14,0,0]', 0, 24, 1, '2022-12-27 08:05:29'),
('H0475', 201110008, '[0.14,0,1]', 0, 24, 1, '2022-12-27 08:05:29'),
('H0476', 201110008, '[0.14,0,1]', 0, 24, 1, '2022-12-27 08:05:29'),
('H0477', 201110008, '[0,1,0]', 0, 36, 1, '2022-12-27 08:05:29'),
('H0478', 201110008, '[0,1,1]', 0, 24, 1, '2022-12-27 08:05:29'),
('H0479', 201110008, '[0,1,1]', 0, 24, 1, '2022-12-27 08:05:29'),
('H0480', 201110008, '[0,0,0]', 0, 24, 1, '2022-12-27 08:05:29'),
('H0481', 201110008, '[0,0,1]', 0, 24, 1, '2022-12-27 08:05:29'),
('H0482', 201110008, '[0,0,1]', 0, 24, 1, '2022-12-27 08:05:29'),
('H0483', 201110008, '[0,0,0]', 0, 24, 1, '2022-12-27 08:05:29'),
('H0484', 201110008, '[0,0,1]', 0, 24, 1, '2022-12-27 08:05:29'),
('H0485', 201110008, '[0,0,1]', 0, 24, 1, '2022-12-27 08:05:29'),
('H0486', 201110006, '[0,1,0]', 0, 24, 1, '2022-12-27 08:07:09'),
('H0487', 201110006, '[0,1,1]', 0, 24, 1, '2022-12-27 08:07:09'),
('H0488', 201110006, '[0,1,1]', 0, 36, 1, '2022-12-27 08:07:09'),
('H0489', 201110006, '[0,0,0]', 0, 24, 1, '2022-12-27 08:07:09'),
('H0490', 201110006, '[0,0,1]', 0, 36, 1, '2022-12-27 08:07:09'),
('H0491', 201110006, '[0,0,1]', 0, 36, 1, '2022-12-27 08:07:09'),
('H0492', 201110006, '[0,0,0]', 0, 36, 1, '2022-12-27 08:07:09'),
('H0493', 201110006, '[0,0,1]', 0, 36, 1, '2022-12-27 08:07:09'),
('H0494', 201110006, '[0,0,1]', 0, 24, 1, '2022-12-27 08:07:09'),
('H0495', 201110006, '[1,1,0]', 0, 36, 1, '2022-12-27 08:07:09'),
('H0496', 201110006, '[1,1,1]', 1, 24, 1, '2022-12-27 08:07:09'),
('H0497', 201110006, '[1,1,1]', 1, 24, 1, '2022-12-27 08:07:09'),
('H0498', 201110006, '[1,0,0]', 0, 36, 1, '2022-12-27 08:07:09'),
('H0499', 201110006, '[1,0,1]', 0, 24, 1, '2022-12-27 08:07:09'),
('H0500', 201110006, '[1,0,1]', 0, 24, 1, '2022-12-27 08:07:09'),
('H0501', 201110006, '[1,0,0]', 0, 24, 1, '2022-12-27 08:07:09'),
('H0502', 201110006, '[1,0,1]', 0, 24, 1, '2022-12-27 08:07:09'),
('H0503', 201110006, '[1,0,1]', 0, 24, 1, '2022-12-27 08:07:09'),
('H0504', 201110006, '[0,1,0]', 0, 36, 1, '2022-12-27 08:07:09'),
('H0505', 201110006, '[0,1,1]', 0, 24, 1, '2022-12-27 08:07:09'),
('H0506', 201110006, '[0,1,1]', 0, 24, 1, '2022-12-27 08:07:09'),
('H0507', 201110006, '[0,0,0]', 0, 24, 1, '2022-12-27 08:07:09'),
('H0508', 201110006, '[0,0,1]', 0, 24, 1, '2022-12-27 08:07:09'),
('H0509', 201110006, '[0,0,1]', 0, 24, 1, '2022-12-27 08:07:09'),
('H0510', 201110006, '[0,0,0]', 0, 24, 1, '2022-12-27 08:07:09'),
('H0511', 201110006, '[0,0,1]', 0, 24, 1, '2022-12-27 08:07:09'),
('H0512', 201110006, '[0,0,1]', 0, 24, 1, '2022-12-27 08:07:09'),
('H0513', 201110006, '[0.86,1,0]', 0, 24, 2, '2022-12-27 08:50:13'),
('H0514', 201110006, '[0.86,1,0.33]', 0.33, 20.04, 2, '2022-12-27 08:50:13'),
('H0515', 201110006, '[0.86,1,0.67]', 0.67, 27.96, 2, '2022-12-27 08:50:13'),
('H0516', 201110006, '[0.86,0,0]', 0, 24, 2, '2022-12-27 08:50:13'),
('H0517', 201110006, '[0.86,0,0.33]', 0, 36, 2, '2022-12-27 08:50:13'),
('H0518', 201110006, '[0.86,0,0.67]', 0, 36, 2, '2022-12-27 08:50:13'),
('H0519', 201110006, '[0.86,0,0]', 0, 36, 2, '2022-12-27 08:50:13'),
('H0520', 201110006, '[0.86,0,0.33]', 0, 36, 2, '2022-12-27 08:50:13'),
('H0521', 201110006, '[0.86,0,0.67]', 0, 24, 2, '2022-12-27 08:50:13'),
('H0522', 201110006, '[0.14,1,0]', 0, 36, 2, '2022-12-27 08:50:13'),
('H0523', 201110006, '[0.14,1,0.33]', 0.14, 34.32, 2, '2022-12-27 08:50:13'),
('H0524', 201110006, '[0.14,1,0.67]', 0.14, 34.32, 2, '2022-12-27 08:50:13'),
('H0525', 201110006, '[0.14,0,0]', 0, 36, 2, '2022-12-27 08:50:13'),
('H0526', 201110006, '[0.14,0,0.33]', 0, 24, 2, '2022-12-27 08:50:13'),
('H0527', 201110006, '[0.14,0,0.67]', 0, 24, 2, '2022-12-27 08:50:13'),
('H0528', 201110006, '[0.14,0,0]', 0, 24, 2, '2022-12-27 08:50:13'),
('H0529', 201110006, '[0.14,0,0.33]', 0, 24, 2, '2022-12-27 08:50:13'),
('H0530', 201110006, '[0.14,0,0.67]', 0, 24, 2, '2022-12-27 08:50:13'),
('H0531', 201110006, '[0,1,0]', 0, 36, 2, '2022-12-27 08:50:13'),
('H0532', 201110006, '[0,1,0.33]', 0, 24, 2, '2022-12-27 08:50:13'),
('H0533', 201110006, '[0,1,0.67]', 0, 24, 2, '2022-12-27 08:50:13'),
('H0534', 201110006, '[0,0,0]', 0, 24, 2, '2022-12-27 08:50:13'),
('H0535', 201110006, '[0,0,0.33]', 0, 24, 2, '2022-12-27 08:50:13'),
('H0536', 201110006, '[0,0,0.67]', 0, 24, 2, '2022-12-27 08:50:13'),
('H0537', 201110006, '[0,0,0]', 0, 24, 2, '2022-12-27 08:50:13'),
('H0538', 201110006, '[0,0,0.33]', 0, 24, 2, '2022-12-27 08:50:13'),
('H0539', 201110006, '[0,0,0.67]', 0, 24, 2, '2022-12-27 08:50:13');

-- --------------------------------------------------------

--
-- Struktur dari tabel `tbl_keanggotaan`
--

CREATE TABLE `tbl_keanggotaan` (
  `id_keanggotaan` varchar(5) NOT NULL,
  `batas_bawah` float NOT NULL,
  `batas_tengah` float NOT NULL,
  `batas_atas` float NOT NULL,
  `id_dimensi` varchar(5) NOT NULL,
  `keterangan` varchar(200) NOT NULL
) ENGINE=InnoDB DEFAULT CHARSET=utf8mb4 COLLATE=utf8mb4_general_ci;

--
-- Dumping data untuk tabel `tbl_keanggotaan`
--

INSERT INTO `tbl_keanggotaan` (`id_keanggotaan`, `batas_bawah`, `batas_tengah`, `batas_atas`, `id_dimensi`, `keterangan`) VALUES
('AN100', 7, 14, 21, 'D01', 'Perasaan berubah ubah'),
('AN101', 16.5, 24.75, 33, 'D02', 'Perasaan tidak terkendali'),
('AN102', 3, 6, 9, 'D03', 'Perasaan terbebani lebih'),
('AN103', 12, 24, 36, 'D04', 'Tingkat stres');

-- --------------------------------------------------------

--
-- Struktur dari tabel `tbl_konsultasi`
--

CREATE TABLE `tbl_konsultasi` (
  `id_konsultasi` varchar(5) NOT NULL,
  `id_user` int(11) NOT NULL,
  `jawaban` longtext CHARACTER SET utf8mb4 COLLATE utf8mb4_bin NOT NULL CHECK (json_valid(`jawaban`)),
  `sesi` int(11) NOT NULL,
  `createdAt` timestamp NULL DEFAULT NULL,
  `updatedAt` timestamp NULL DEFAULT '0000-00-00 00:00:00'
) ENGINE=InnoDB DEFAULT CHARSET=utf8mb4 COLLATE=utf8mb4_general_ci;

--
-- Dumping data untuk tabel `tbl_konsultasi`
--

INSERT INTO `tbl_konsultasi` (`id_konsultasi`, `id_user`, `jawaban`, `sesi`, `createdAt`, `updatedAt`) VALUES
('K001', 201110001, '[9,13,13]', 1, '2022-12-27 05:46:18', '2022-12-27 05:46:18'),
('K002', 201110003, '[9,12,13]', 1, '2022-12-27 05:53:38', '2022-12-27 05:53:38'),
('K003', 201110003, '[9,11,13]', 2, '2022-12-27 05:53:46', '2022-12-27 05:53:46'),
('K004', 201110003, '[9,11,13]', 3, '2022-12-27 05:54:57', '2022-12-27 05:54:57'),
('K005', 201110003, '[5,9,11]', 4, '2022-12-27 05:55:19', '2022-12-27 05:55:19'),
('K006', 201110003, '[5,9,11]', 5, '2022-12-27 05:57:25', '2022-12-27 05:57:25'),
('K007', 201110004, '[13,13,7]', 1, '2022-12-27 06:08:55', '2022-12-27 06:08:55'),
('K008', 201110005, '[6,7,9]', 1, '2022-12-27 07:15:11', '2022-12-27 07:15:11'),
('K009', 201110005, '[7,13,11]', 2, '2022-12-27 07:16:08', '2022-12-27 07:16:08'),
('K010', 201110011, '[4,4,5]', 1, '2022-12-27 07:56:54', '2022-12-27 07:56:54'),
('K011', 201110002, '[9,15,13]', 1, '2022-12-27 07:59:54', '2022-12-27 07:59:54'),
('K012', 201110002, '[16,16,14]', 2, '2022-12-27 08:00:26', '2022-12-27 08:00:26'),
('K013', 201110002, '[16,16,14]', 3, '2022-12-27 08:00:46', '2022-12-27 08:00:46'),
('K014', 201110002, '[16,16,14]', 4, '2022-12-27 08:00:56', '2022-12-27 08:00:56'),
('K015', 201110002, '[16,16,14]', 5, '2022-12-27 08:01:00', '2022-12-27 08:01:00'),
('K016', 201110005, '[16,16,14]', 3, '2022-12-27 08:01:42', '2022-12-27 08:01:42'),
('K017', 201110009, '[8,15,10]', 1, '2022-12-27 08:04:54', '2022-12-27 08:04:54'),
('K018', 201110008, '[8,13,10]', 1, '2022-12-27 08:05:29', '2022-12-27 08:05:29'),
('K019', 201110006, '[14,14,14]', 1, '2022-12-27 08:07:09', '2022-12-27 08:07:09'),
('K020', 201110006, '[8,8,8]', 2, '2022-12-27 08:50:13', '2022-12-27 08:50:13');

-- --------------------------------------------------------

--
-- Struktur dari tabel `tbl_konsultasi_hasildetail`
--

CREATE TABLE `tbl_konsultasi_hasildetail` (
  `id_konsultasi_hasildetail` varchar(20) NOT NULL,
  `id_user` int(11) NOT NULL,
  `z_score_total` float NOT NULL,
  `sesi` int(11) NOT NULL,
  `id_tingkat_stres` varchar(5) NOT NULL,
  `createdAt` timestamp NOT NULL DEFAULT current_timestamp() ON UPDATE current_timestamp(),
  `updatedAt` timestamp NOT NULL DEFAULT '0000-00-00 00:00:00'
) ENGINE=InnoDB DEFAULT CHARSET=utf8mb4 COLLATE=utf8mb4_general_ci;

--
-- Dumping data untuk tabel `tbl_konsultasi_hasildetail`
--

INSERT INTO `tbl_konsultasi_hasildetail` (`id_konsultasi_hasildetail`, `id_user`, `z_score_total`, `sesi`, `id_tingkat_stres`, `createdAt`, `updatedAt`) VALUES
('KHD0001', 201110001, 24.68, 1, 'TS02', '2022-12-27 05:46:18', '2022-12-27 05:46:18'),
('KHD0002', 201110003, 24.68, 1, 'TS02', '2022-12-27 05:53:38', '2022-12-27 05:53:38'),
('KHD0003', 201110003, 24.68, 2, 'TS02', '2022-12-27 05:53:46', '2022-12-27 05:53:46'),
('KHD0004', 201110003, 24.68, 3, 'TS02', '2022-12-27 05:54:57', '2022-12-27 05:54:57'),
('KHD0005', 201110003, 18, 4, 'TS02', '2022-12-27 05:55:19', '2022-12-27 05:55:19'),
('KHD0006', 201110003, 18, 5, 'TS02', '2022-12-27 05:57:25', '2022-12-27 05:57:25'),
('KHD0007', 201110004, 29.09, 1, 'TS03', '2022-12-27 06:08:55', '2022-12-27 06:08:55'),
('KHD0008', 201110005, 24, 1, 'TS02', '2022-12-27 07:15:11', '2022-12-27 07:15:11'),
('KHD0009', 201110005, 18, 2, 'TS02', '2022-12-27 07:16:08', '2022-12-27 07:16:08'),
('KHD0010', 201110011, 17.31, 1, 'TS01', '2022-12-27 07:56:54', '2022-12-27 07:56:54'),
('KHD0011', 201110002, 24.68, 1, 'TS02', '2022-12-27 07:59:54', '2022-12-27 07:59:54'),
('KHD0012', 201110002, 27.48, 2, 'TS03', '2022-12-27 08:00:26', '2022-12-27 08:00:26'),
('KHD0013', 201110002, 27.48, 3, 'TS03', '2022-12-27 08:00:46', '2022-12-27 08:00:46'),
('KHD0014', 201110002, 27.48, 4, 'TS03', '2022-12-27 08:00:56', '2022-12-27 08:00:56'),
('KHD0015', 201110002, 27.48, 5, 'TS03', '2022-12-27 08:01:00', '2022-12-27 08:01:00'),
('KHD0016', 201110005, 27.48, 3, 'TS03', '2022-12-27 08:01:42', '2022-12-27 08:01:42'),
('KHD0017', 201110009, 21.73, 1, 'TS02', '2022-12-27 08:04:54', '2022-12-27 08:04:54'),
('KHD0018', 201110008, 21.73, 1, 'TS02', '2022-12-27 08:05:29', '2022-12-27 08:05:29'),
('KHD0019', 201110006, 24, 1, 'TS02', '2022-12-27 08:07:09', '2022-12-27 08:07:09'),
('KHD0020', 201110006, 27.31, 2, 'TS03', '2022-12-27 08:50:13', '2022-12-27 08:50:13');

-- --------------------------------------------------------

--
-- Struktur dari tabel `tbl_pernyataan`
--

CREATE TABLE `tbl_pernyataan` (
  `id_pernyataan` varchar(5) NOT NULL,
  `id_dimensi` varchar(5) NOT NULL,
  `pernyataan` varchar(200) NOT NULL,
  `createdAt` datetime DEFAULT NULL,
  `updatedAt` datetime DEFAULT NULL
) ENGINE=InnoDB DEFAULT CHARSET=utf8mb4 COLLATE=utf8mb4_general_ci;

--
-- Dumping data untuk tabel `tbl_pernyataan`
--

INSERT INTO `tbl_pernyataan` (`id_pernyataan`, `id_dimensi`, `pernyataan`, `createdAt`, `updatedAt`) VALUES
('P01', 'D01', 'Saya merasa suasana hati saya berubah-ubah karena rutinitas kuliah atau saat berada di lingkungan kampus', NULL, NULL),
('P02', 'D02', 'Saya merasa cemas dengan hasil nilai karena saya sulit memahami materi yang disampaikan dosen', NULL, NULL),
('P03', 'D03', 'Saya tidak bisa tidur dengan nyenyak jika tugas kuliah belum saya selesaikan.', NULL, NULL),
('P04', 'D03', 'Saya mengonsumsi obat tidur karena jam tidur saya menjadi berantakan akibat sering begadang menyelesaikan tugas kuliah.', NULL, NULL),
('P05', 'D03', 'Saya mengalami kondisi bangun tidur dalam keadaan tidak segar atau tidak bersemangat.', NULL, NULL),
('P06', 'D02', 'Keringat saya keluar berlebihan pada saat panik dan kesulitan ketika tidak bisa menjawab pertanyaan saat kuliah berlangsung.', NULL, NULL),
('P07', 'D01', 'Saya merasa tidak nafsu makan jika masih banyak tugas kuliah yang belum terselesaikan.', NULL, NULL),
('P08', 'D02', 'Saya lebih sering memarahi orang-orang di sekitar saya ketika sedang mengalami kesulitan dalam mengerjakan tugas.', NULL, NULL),
('P09', 'D01', 'Saya merasa kesulitan dalam berkonsentrasi dan mengingat materi ketika dosen sedang menyampaikan materi.', NULL, NULL),
('P10', 'D03', 'Keringat saya bercucuran ketika saya diminta untuk menjawab soal-soal yang diberi oleh dosen.', NULL, NULL),
('P11', 'D01', 'Meskipun sudah belajar, saya tetap merasa gelisah ketika maju presentasi.', NULL, NULL),
('P12', 'D02', 'Saya merasa jengkel dengan dosen yang memberikan deadline pengerjaan tugas yang terlalu singkat.', NULL, NULL);

-- --------------------------------------------------------

--
-- Struktur dari tabel `tbl_tingkat_stres`
--

CREATE TABLE `tbl_tingkat_stres` (
  `id_tingkat_stres` varchar(5) NOT NULL,
  `tingkat_stres` varchar(50) NOT NULL,
  `skala_stres` float NOT NULL
) ENGINE=InnoDB DEFAULT CHARSET=utf8mb4 COLLATE=utf8mb4_general_ci;

--
-- Dumping data untuk tabel `tbl_tingkat_stres`
--

INSERT INTO `tbl_tingkat_stres` (`id_tingkat_stres`, `tingkat_stres`, `skala_stres`) VALUES
('TS01', 'Stres ringan', 12),
('TS02', 'Stres sedang', 24),
('TS03', 'Stres berat', 36);

-- --------------------------------------------------------

--
-- Struktur dari tabel `tbl_users`
--

CREATE TABLE `tbl_users` (
  `id` int(11) NOT NULL,
  `nama_user` varchar(50) NOT NULL,
  `username` varchar(50) NOT NULL,
  `password` varchar(100) NOT NULL,
  `user_level` enum('user','admin') NOT NULL,
  `createdAt` datetime NOT NULL,
  `updatedAt` datetime NOT NULL,
  `refresh_token` varchar(300) DEFAULT NULL
) ENGINE=InnoDB DEFAULT CHARSET=utf8mb4 COLLATE=utf8mb4_general_ci;

--
-- Dumping data untuk tabel `tbl_users`
--

INSERT INTO `tbl_users` (`id`, `nama_user`, `username`, `password`, `user_level`, `createdAt`, `updatedAt`, `refresh_token`) VALUES
(201110001, 'Ibnu Surya Wibowo', 'ibnu@gmail.com', '$2b$10$V1wgVN3oVIPlJWDkWS0jBOw7qRFnTVGHbR3ZAyQbwyylWjfUgvdNW', 'admin', '2022-12-27 05:45:16', '2022-12-27 08:04:16', 'eyJhbGciOiJIUzI1NiIsInR5cCI6IkpXVCJ9.eyJpZCI6MjAxMTEwMDAxLCJuYW1hX3VzZXIiOiJJYm51IFN1cnlhIFdpYm93byIsInVzZXJuYW1lIjoiaWJudUBnbWFpbC5jb20iLCJ1c2VyX2xldmVsIjoiYWRtaW4iLCJpYXQiOjE2NzIxMjgyNTYsImV4cCI6MTY3MjIxNDY1Nn0.xW5mwhcRDMXFV8zN3u14VtCf4e9fiY9fldLFYs1qiA0'),
(201110002, 'In\'am Falahuddin', 'inam@gmail.com', '$2b$10$Dwc1fPVEOCA8yft.so5aJ.k0fDVwI.Oi3Rj5cDsBWjOxJu.MCvEbe', 'admin', '2022-12-27 05:53:00', '2022-12-27 08:51:14', 'eyJhbGciOiJIUzI1NiIsInR5cCI6IkpXVCJ9.eyJpZCI6MjAxMTEwMDAyLCJuYW1hX3VzZXIiOiJJbidhbSBGYWxhaHVkZGluIiwidXNlcm5hbWUiOiJpbmFtQGdtYWlsLmNvbSIsInVzZXJfbGV2ZWwiOiJhZG1pbiIsImlhdCI6MTY3MjEzMTA3NCwiZXhwIjoxNjcyMjE3NDc0fQ.U9ASn2OM1J98kOY6mOTfcD_ZDNWNXnCPrC_lasL7Pc8'),
(201110003, 'Dea Sinta Nurhidayah', 'dea@mail.com', '$2b$10$2u0TR76n8aQ9cw8ftSxlbOaO8cuAJGXNs5RhoMBPSC4WE8GjM9S5y', 'user', '2022-12-27 05:53:18', '2022-12-27 06:04:51', NULL),
(201110004, 'stefanus M Patanduk', 'stefan@gmail.com', '$2b$10$VCoBVqyPRnth60dL16O6Cuo3Vt/nJ3NXQxw6ESb.YFv8yLnm4gh6.', 'user', '2022-12-27 06:06:26', '2022-12-27 07:14:18', NULL),
(201110005, 'Fiki ertandi', 'fiki@mail.com', '$2b$10$OyFZMf8nxdN3bU2bUK7CA.nhEXYAkvDjYLGq.DX29b4sP.IZNxoby', 'user', '2022-12-27 07:14:38', '2022-12-27 08:01:47', NULL),
(201110006, 'lutfi rofiqi', 'lutfi@mail.com', '$2b$10$YrIhW3GAHWaWMZMuvHRp.O89uEL.3b2T2h1HEluusfrSHktJqFcXm', 'user', '2022-12-27 07:54:18', '2022-12-27 08:51:03', NULL),
(201110007, 'budi setiawan', 'budi@mail.com', '$2b$10$Veypdv2dfY.MI60gAqbFFehbTzcMwJ57Me49/yF/3c3xoZEw9spsG', 'user', '2022-12-27 07:54:41', '2022-12-27 07:54:41', NULL),
(201110008, 'abdullah faza farhan', 'papaz@mail.com', '$2b$10$pnUoCro5ittSyjoToKERvuFYRkwteo9cdTPjabW4pBaeGSCpLQCmy', 'user', '2022-12-27 07:54:59', '2022-12-27 08:05:37', NULL),
(201110009, 'cartanu', 'canu@mail.com', '$2b$10$SCfqJoJu./ThoVPk7VUJkuRvsL52YBxuUYHhfM/VTQu4bKeb2gen2', 'user', '2022-12-27 07:55:17', '2022-12-27 08:05:02', NULL),
(201110010, 'muhammad fathan sembada', 'fatan@mail.com', '$2b$10$iMajwv9krz6oQgAytV20QOk78H0JsdF8539vxrMXG3pfcALyUrPkm', 'user', '2022-12-27 07:55:33', '2022-12-27 07:55:33', NULL),
(201110011, 'muhammad fadilah', 'padil@mail.com', '$2b$10$Ej1FqzTXcNYTo2Ffj6Cus.lEAlLMS7.2Ellot1RjyoMT2wVKcIpsy', 'user', '2022-12-27 07:56:04', '2022-12-27 08:08:56', NULL);

--
-- Indexes for dumped tables
--

--
-- Indeks untuk tabel `tbl_dimensi`
--
ALTER TABLE `tbl_dimensi`
  ADD PRIMARY KEY (`id_dimensi`);

--
-- Indeks untuk tabel `tbl_hasil`
--
ALTER TABLE `tbl_hasil`
  ADD PRIMARY KEY (`id_hasil`),
  ADD KEY `id_user` (`id_user`);

--
-- Indeks untuk tabel `tbl_keanggotaan`
--
ALTER TABLE `tbl_keanggotaan`
  ADD PRIMARY KEY (`id_keanggotaan`),
  ADD KEY `id_dimensi` (`id_dimensi`);

--
-- Indeks untuk tabel `tbl_konsultasi`
--
ALTER TABLE `tbl_konsultasi`
  ADD PRIMARY KEY (`id_konsultasi`),
  ADD KEY `id_user` (`id_user`);

--
-- Indeks untuk tabel `tbl_konsultasi_hasildetail`
--
ALTER TABLE `tbl_konsultasi_hasildetail`
  ADD PRIMARY KEY (`id_konsultasi_hasildetail`),
  ADD KEY `id_user` (`id_user`),
  ADD KEY `id_tingkat_stres` (`id_tingkat_stres`);

--
-- Indeks untuk tabel `tbl_pernyataan`
--
ALTER TABLE `tbl_pernyataan`
  ADD PRIMARY KEY (`id_pernyataan`),
  ADD KEY `id_dimensi` (`id_dimensi`);

--
-- Indeks untuk tabel `tbl_tingkat_stres`
--
ALTER TABLE `tbl_tingkat_stres`
  ADD PRIMARY KEY (`id_tingkat_stres`);

--
-- Indeks untuk tabel `tbl_users`
--
ALTER TABLE `tbl_users`
  ADD PRIMARY KEY (`id`);

--
-- Ketidakleluasaan untuk tabel pelimpahan (Dumped Tables)
--

--
-- Ketidakleluasaan untuk tabel `tbl_hasil`
--
ALTER TABLE `tbl_hasil`
  ADD CONSTRAINT `tbl_hasil_ibfk_3` FOREIGN KEY (`id_user`) REFERENCES `tbl_users` (`id`) ON DELETE CASCADE;

--
-- Ketidakleluasaan untuk tabel `tbl_keanggotaan`
--
ALTER TABLE `tbl_keanggotaan`
  ADD CONSTRAINT `tbl_keanggotaan_ibfk_1` FOREIGN KEY (`id_dimensi`) REFERENCES `tbl_dimensi` (`id_dimensi`);

--
-- Ketidakleluasaan untuk tabel `tbl_konsultasi`
--
ALTER TABLE `tbl_konsultasi`
  ADD CONSTRAINT `tbl_konsultasi_ibfk_1` FOREIGN KEY (`id_user`) REFERENCES `tbl_users` (`id`) ON DELETE CASCADE;

--
-- Ketidakleluasaan untuk tabel `tbl_konsultasi_hasildetail`
--
ALTER TABLE `tbl_konsultasi_hasildetail`
  ADD CONSTRAINT `tbl_konsultasi_hasildetail_ibfk_2` FOREIGN KEY (`id_user`) REFERENCES `tbl_users` (`id`) ON DELETE CASCADE,
  ADD CONSTRAINT `tbl_konsultasi_hasildetail_ibfk_3` FOREIGN KEY (`id_tingkat_stres`) REFERENCES `tbl_tingkat_stres` (`id_tingkat_stres`);

--
-- Ketidakleluasaan untuk tabel `tbl_pernyataan`
--
ALTER TABLE `tbl_pernyataan`
  ADD CONSTRAINT `tbl_pernyataan_ibfk_1` FOREIGN KEY (`id_dimensi`) REFERENCES `tbl_dimensi` (`id_dimensi`);
COMMIT;

/*!40101 SET CHARACTER_SET_CLIENT=@OLD_CHARACTER_SET_CLIENT */;
/*!40101 SET CHARACTER_SET_RESULTS=@OLD_CHARACTER_SET_RESULTS */;
/*!40101 SET COLLATION_CONNECTION=@OLD_COLLATION_CONNECTION */;
